2013-01-01,2325.1,2329.15,2303,2308.3,33206
2013-01-02,2315,2329.35,2302.85,2307.6,45163
2013-01-03,2318,2344.8,2310.4,2336.3,76819
2013-01-04,2346,2354.8,2333.2,2348.3,91389
2013-01-07,2348,2380,2336.7,2374.7,78371
2013-01-08,2365,2368,2322.2,2341.2,89843
2013-01-09,2349.95,2362,2322.75,2328.2,48727
2013-01-10,2330,2342,2309,2320.35,105548
2013-01-11,2507.9,2720,2507.9,2712.6,1621988
2013-01-14,2727.5,2835,2727.5,2807.25,713235
2013-01-15,2807,2810,2774.45,2789.95,214741
2013-01-16,2778,2790,2753,2771.05,96072
2013-01-17,2783.1,2806,2780,2796.2,174167
2013-01-18,2798,2807.55,2777.15,2789.8,70837
2013-01-21,2765,2810,2765,2798,71053
2013-01-22,2786.25,2797.95,2777.2,2783.5,47884
2013-01-23,2776.6,2797,2775.05,2788.85,62827
2013-01-24,2805.25,2826.5,2790,2797.1,145211
2013-01-25,2805,2823,2792,2814.65,62000
2013-01-28,2807.1,2827.9,2800,2810.05,92874
2013-01-29,2801,2824,2788.75,2798.4,54941
2013-01-30,2798.1,2809.85,2782,2792.5,60023
2013-01-31,2790,2805,2770,2788.75,68893
2013-02-01,2789,2799.8,2751.7,2770.95,69187
2013-02-04,2777,2784.5,2746.5,2762.35,51769
2013-02-05,2750.2,2780,2750.2,2758.05,33882
2013-02-06,2772.05,2780,2754,2774.4,25949
2013-02-07,2782.5,2798,2778.55,2789.8,74691
2013-02-08,2789,2814.55,2772.8,2788.3,80439
2013-02-11,2800,2813,2784.7,2790.65,98567
2013-02-12,2775,2775.05,2743,2754.65,21630
2013-02-13,2750,2796.8,2740,2789.3,60658
2013-02-14,2791.15,2825,2791.15,2812.95,77115
2013-02-15,2788,2806.85,2770.15,2785.2,26333
2013-02-18,2787.7,2787.7,2763,2776.55,14737
2013-02-19,2778,2825,2765.2,2819,36684
2013-02-20,2820,2830,2807.95,2819.85,50446
2013-02-21,2795,2819.65,2793,2806.75,64587
2013-02-22,2799,2855,2799,2836.55,148978
2013-02-25,2865.05,2924,2862.35,2917.2,216333
2013-02-26,2913,2970,2909,2960.1,170485
2013-02-27,2949.5,2949.5,2902.65,2913.8,67466
2013-02-28,2912,2935,2886,2906,60314
2013-03-01,2890,2960,2883,2908.45,50703
2013-03-04,2916,2941,2873.2,2903,97451
2013-03-05,2918,2939,2912.6,2920.95,56442
2013-03-06,2940,2974.3,2930.5,2966.45,120922
2013-03-07,2980,3010,2976,3004.75,175303
2013-03-08,2988,2990,2957.5,2970.2,58077
2013-03-11,2980,2989,2930.5,2945.75,40528
2013-03-12,2934,2944.75,2913,2917.6,51682
2013-03-13,2899,2899,2854.9,2862.45,46623
2013-03-14,2873,2890,2843.1,2874.9,68827
2013-03-15,2869.4,2910.75,2869.4,2883.7,66286
2013-03-18,2874,2890,2853,2861.4,27706
2013-03-19,2870,2886.7,2843,2856.45,34795
2013-03-20,2860,2875,2829,2869.25,29665
2013-03-21,2883.3,2892.9,2864,2876.5,62876
2013-03-22,2850,2874,2830.05,2860.6,50367
2013-03-25,2815,2864.9,2815,2853.4,66232
2013-03-26,2842,2868,2833.05,2854.3,24858
2013-03-28,2862.25,2909,2860.95,2889.9,117997
2013-04-01,2903.15,2953.6,2903.15,2943.25,80357
2013-04-02,2933,2986.9,2919.05,2970.15,64044
2013-04-03,2945,2995,2945,2964,38602
2013-04-04,2950,2955,2873.75,2882.85,49808
2013-04-05,2873,2897.35,2851,2863.85,37017
2013-04-08,2851,2870.6,2829,2833.15,27250
2013-04-09,2839.9,2839.9,2755.55,2766.35,55328
2013-04-10,2800.3,2827,2778,2813.25,84334
2013-04-11,2861,2933.3,2835.05,2917.85,149640
2013-04-12,2626.1,2626.1,2268,2295.45,1930457
2013-04-15,2290,2354.95,2206,2333.95,985126
2013-04-16,2324,2324.9,2287.4,2293.95,217560
2013-04-17,2310,2311.15,2250.1,2281.85,282151
2013-04-18,2279,2322,2279,2295.4,200683
2013-04-22,2297,2300,2224,2244.45,303670
2013-04-23,2247,2272,2245,2262.1,112451
2013-04-25,2260,2260,2222,2227.05,429015
2013-04-26,2224.85,2238.8,2201.5,2212.3,227317
2013-04-29,2209,2249,2190,2229.05,366370
2013-04-30,2238.9,2243,2222.6,2234.45,109842
2013-05-02,2238.9,2290,2238.5,2286.9,108739
2013-05-03,2297,2321.9,2280.65,2307.8,142360
2013-05-06,2315,2345,2315,2341.4,58534
2013-05-07,2350,2355,2325,2348.6,143792
2013-05-08,2364,2374,2338.3,2350.55,91810
2013-05-09,2346,2368.9,2346,2359.9,44954
2013-05-10,2364,2385,2358,2370.75,49410
2013-05-11,2372,2372,2354.05,2362.15,3451
2013-05-13,2351.25,2360,2331.5,2340.35,66010
2013-05-14,2340,2369.8,2340,2351.6,30572
2013-05-15,2350,2371,2346.6,2360.2,54898
2013-05-16,2360,2360.35,2315.35,2332.15,63536
2013-05-17,2335,2368.95,2335,2350.8,54318
2013-05-20,2336.25,2382.2,2336.25,2375.6,89615
2013-05-21,2373.9,2414.8,2366.3,2397.45,75391
2013-05-22,2395.1,2431.75,2378.45,2388.35,83634
2013-05-23,2374,2418,2355,2358.9,53586
2013-05-24,2360,2381.8,2335.05,2346.9,30506
2013-05-27,2345.45,2380,2330.8,2366.35,51381
2013-05-28,2366,2379,2355.5,2366.35,31749
2013-05-29,2366,2390.55,2333.75,2350.5,41478
2013-05-30,2337,2348.5,2315.75,2342.15,104169
2013-05-31,2350,2420,2348.2,2407.6,89458
2013-06-03,2524.8,2624.9,2476.35,2513.95,490235
2013-06-04,2489.7,2518.9,2464,2495.05,128310
2013-06-05,2480,2490.35,2453.9,2462.1,60365
2013-06-06,2451.1,2452.25,2415,2427.5,60698
2013-06-07,2428,2473.9,2420,2446.9,58444
2013-06-10,2461.8,2497.85,2460,2487.05,44650
2013-06-11,2490,2514,2465.05,2473.95,61355
2013-06-12,2464.9,2505,2413.1,2423.95,58870
2013-06-13,2421,2426.45,2375.2,2379.1,43800
2013-06-14,2381.25,2409,2376.05,2394.95,48349
2013-06-17,2407,2426.95,2395.1,2421.45,30577
2013-06-18,2430,2460,2426.6,2447.6,37263
2013-06-19,2445,2448,2407.35,2438,44689
2013-06-20,2420.75,2447.45,2343,2366.9,69824
2013-06-21,2370,2430,2370,2419.15,59125
2013-06-24,2408,2410,2352,2380.25,55872
2013-06-25,2378,2386,2346.55,2378,90055
2013-06-26,2390,2412,2372.15,2397.55,33689
2013-06-27,2412,2496.25,2412,2476.95,94637
2013-06-28,2488,2500,2426,2493.25,79191
2013-07-01,2460,2480,2440.3,2447.55,33193
2013-07-02,2441,2464,2402.1,2405.55,41401
2013-07-03,2399,2451,2392.85,2405.3,51308
2013-07-04,2420,2469.9,2420,2460.5,104860
2013-07-05,2469.8,2481,2438.3,2454.45,58930
2013-07-08,2475.05,2497.4,2460.25,2471.7,44149
2013-07-09,2477,2512,2477,2495.7,113261
2013-07-10,2505,2520,2494.25,2501,78211
2013-07-11,2530.3,2563.45,2506.3,2526.75,120977
2013-07-12,2779.4,2905,2749,2802.75,845026
2013-07-15,2791.3,2791.3,2729.05,2741.85,165461
2013-07-16,2700.1,2768.95,2690,2730.45,63031
2013-07-17,2730.45,2754.9,2730.45,2750.3,71659
2013-07-18,2750,2817.65,2740,2799.5,137410
2013-07-19,2805,2863.9,2777,2845.8,193412
2013-07-22,2828.4,2896,2825,2875.65,111217
2013-07-23,2881,2915.45,2881,2900.85,74556
2013-07-24,2887.7,2925,2880,2907.6,61184
2013-07-25,2900,2945.1,2900,2915.9,93001
2013-07-26,2930,2950,2888.1,2915.5,81608
2013-07-29,2902,2942.9,2902,2920.75,71051
2013-07-30,2930,2970,2930,2955.7,77234
2013-07-31,2961,2989.8,2929.8,2967.15,58117
2013-08-01,2977,2993,2956.15,2975.7,104999
2013-08-02,2981,3019.95,2981,3006.7,156103
2013-08-05,3000,3025,2997,3007.45,159580
2013-08-06,3008.5,3009,2952,2986.1,82686
2013-08-07,2980,3000,2947.2,2955.45,122550
2013-08-08,2939,2975.8,2936,2961.1,64841
2013-08-12,2970,3017.2,2965,3005.25,90088
2013-08-13,3005,3098.4,3004,3084.9,130756
2013-08-14,3060,3093.5,3041.2,3069.8,42203
2013-08-16,3015,3036.35,2966.05,2974.6,43280
2013-08-19,2975.25,3025,2952,3005.45,70214
2013-08-20,3009,3018,2987.25,3007.1,52049
2013-08-21,3004.4,3004.4,2923,2953.35,46259
2013-08-22,2976.25,3035.85,2964.3,3023.3,69965
2013-08-23,3013,3017.95,2982.6,2998.5,28006
2013-08-26,3015,3046.55,3008,3030.55,55991
2013-08-27,3030,3079.4,3030,3058.1,68825
2013-08-28,3047,3128.9,3047,3120.3,147686
2013-08-29,3055,3125,3055,3109,117569
2013-08-30,3091,3123.6,3039,3100.3,77372
2013-09-02,3066,3124,3066,3077.35,60712
2013-09-03,3074,3093,3020,3033.85,41557
2013-09-04,3050,3139.5,3050,3105.9,99194
2013-09-05,3081.55,3090,2997,3002.7,56412
2013-09-06,3000,3068.15,3000,3020.85,107100
2013-09-10,3032,3170,3032,3150.7,226562
2013-09-11,3150,3172.7,3108,3120.55,84856
2013-09-12,3110,3119.75,3046,3064.1,47080
2013-09-13,3055,3060.1,3013,3028.25,54333
2013-09-16,3028,3049,2980,2992.3,44038
2013-09-17,3015,3029.05,2992,3023.35,35649
2013-09-18,3021,3027,3001,3015.7,85752
2013-09-19,3010,3038,3000,3019.45,122080
2013-09-20,3009,3031,2985.1,2995.55,45279
2013-09-23,2995.55,3042,2995.55,3018.65,74606
2013-09-24,3018,3030,2998,3014.8,63156
2013-09-25,3028,3035,2994.9,3007.8,24676
2013-09-26,3023,3034.85,3002.45,3013.35,147459
2013-09-27,3015,3050.85,2991.2,3006.4,36461
2013-09-30,3011,3054.1,3002.1,3015.45,31368
2013-10-01,3022,3037.75,2994,3014.7,37638
2013-10-03,3020,3048.5,3020,3038.8,205832
2013-10-04,3035,3035,3005.5,3015.45,66196
2013-10-07,3016,3044.45,3009,3019.55,135803
2013-10-08,3045,3050,3023.5,3032.4,161907
2013-10-09,3036,3127.15,3010,3107.55,225827
2013-10-10,3130,3155,3092.2,3124.15,231414
2013-10-11,3320,3360,3157.65,3273.9,810341
2013-10-14,3255,3334.15,3255,3323.5,205065
2013-10-15,3321,3357,3312,3348.3,115631
2013-10-17,3321,3352,3259.3,3270.1,75205
2013-10-18,3270,3321.5,3260.65,3316.15,61065
2013-10-21,3325,3371.15,3268.35,3335.95,59583
2013-10-22,3340,3363,3325.4,3334.75,71132
2013-10-23,3315,3329.65,3278,3324.15,41696
2013-10-24,3309.4,3372,3292.1,3309.85,61765
2013-10-25,3315,3348,3304,3331,69487
2013-10-28,3320,3333.6,3297,3323.85,32299
2013-10-29,3320,3361.95,3304.65,3334.9,97204
2013-10-30,3315,3336.05,3309,3324,23615
2013-10-31,3302,3326.35,3291.1,3308.65,46682
2013-11-01,3304.9,3312.05,3271.6,3278.75,31887
2013-11-03,3274,3296,3272.3,3279.5,5893
2013-11-05,3246,3290,3234,3264.95,32126
2013-11-06,3275,3310.55,3275,3305.9,21296
2013-11-07,3321,3399.2,3316,3359.15,81385
2013-11-08,3340,3389,3340,3357.5,51849
2013-11-11,3349,3395.1,3347.9,3363.1,85676
2013-11-12,3355.25,3373.95,3330.3,3339.35,79475
2013-11-13,3320,3358.9,3320,3333.9,46737
2013-11-14,3353,3374.45,3350,3353.8,36538
2013-11-18,3380.3,3410,3380.3,3400.3,68688
2013-11-19,3401,3447.9,3399.15,3443.6,72275
2013-11-20,3420,3440,3395,3402.4,29286
2013-11-21,3402,3402,3316.05,3347.35,46008
2013-11-22,3325.1,3372.5,3325.1,3349.3,29174
2013-11-25,3349,3379.15,3309.5,3327.6,119802
2013-11-26,3315,3348.45,3293.25,3318.95,79569
2013-11-27,3320,3333,3290,3295.65,18114
2013-11-28,3297,3332.95,3251,3323.95,741315
2013-11-29,3310,3366,3310,3353.5,45127
2013-12-02,3354,3373.9,3328.4,3338.45,54607
2013-12-03,3324,3359.4,3324,3348.45,86452
2013-12-04,3349,3386.3,3338.8,3365,66417
2013-12-05,3375.3,3396.65,3344.75,3351.15,45934
2013-12-06,3350,3350,3320,3326.6,143569
2013-12-09,3350,3384,3322.5,3337.45,29156
2013-12-10,3310,3389.65,3310,3370.3,78495
2013-12-11,3361,3379,3342,3371.4,85492
2013-12-12,3370,3385.15,3350,3363.4,29737
2013-12-13,3352,3380,3345,3373.85,59908
2013-12-16,3370,3460,3354.6,3449.85,127249
2013-12-17,3444.35,3483.2,3444.35,3456.45,106076
2013-12-18,3450.5,3470,3448,3457.8,70981
2013-12-19,3459,3540,3455.8,3514.45,83431
2013-12-20,3509,3569.9,3509,3552.3,67026
2013-12-23,3502,3538.2,3463,3468.65,75324
2013-12-24,3484,3502,3465.4,3486.35,70363
2013-12-26,3485,3530,3482.1,3515.55,54678
2013-12-27,3531,3570,3525.35,3562.25,85505
2013-12-30,3556,3575,3477.2,3501.65,76547
2013-12-31,3505,3519.8,3480,3485.5,42972
2014-01-01,3491,3497,3461.4,3466.4,23588
2014-01-02,3466.4,3507.4,3464.95,3474.75,36669
2014-01-03,3471,3572.05,3456,3565.45,79789
2014-01-06,3580,3581,3470,3514.2,73512
2014-01-07,3510,3522.25,3447,3457.4,40126
2014-01-08,3466,3474,3420.85,3428.5,41931
2014-01-09,3435.6,3481.95,3417.3,3451.05,91099
2014-01-10,3494,3575.2,3449,3548.9,494995
2014-01-13,3572,3674.4,3572,3665.7,200784
2014-01-14,3636,3697.3,3636,3688.85,58999
2014-01-15,3685.1,3723.1,3678,3710.55,137443
2014-01-16,3704,3737,3695,3724.7,162039
2014-01-17,3725,3759.9,3723.1,3728.05,138160
2014-01-20,3712,3760,3704,3749.9,183787
2014-01-21,3745,3770.5,3720,3755.65,68356
2014-01-22,3735,3775,3735,3767.1,36418
2014-01-23,3770,3799,3758.7,3792.8,61188
2014-01-24,3769.05,3798,3754.45,3759.05,35200
2014-01-27,3718,3770,3718,3732.6,28613
2014-01-28,3718.15,3718.15,3671,3677,18590
2014-01-29,3669.9,3743.9,3656.6,3717.65,47283
2014-01-30,3696.25,3717,3663,3704.75,30245
2014-01-31,3704,3736.8,3613,3699.45,35369
2014-02-03,3685,3692.5,3623.5,3628.7,39503
2014-02-04,3588.1,3590,3550,3566.65,27029
2014-02-05,3576.1,3588,3540.6,3581.55,30192
2014-02-06,3566.55,3583.9,3540.75,3563.45,87226
2014-02-07,3580,3603.4,3548.05,3566.7,172639
2014-02-10,3570.3,3584.15,3555.55,3568.5,60000
2014-02-11,3569,3622,3569,3595.8,61869
2014-02-12,3606,3624.9,3592,3599.6,109249
2014-02-13,3600,3618.8,3581,3586.45,24971
2014-02-14,3596,3655,3596,3645.6,31535
2014-02-17,3670.25,3677,3650,3662.25,21803
2014-02-18,3652,3690.5,3651.1,3680,186819
2014-02-19,3689,3763.05,3689,3753.95,63038
2014-02-20,3750,3750,3705.5,3713.7,20064
2014-02-21,3728,3755,3728,3751.7,15691
2014-02-24,3745,3755,3730,3750.75,20031
2014-02-25,3751.5,3790,3751.5,3782.7,104926
2014-02-26,3779.5,3809,3772,3803.85,28759
2014-02-28,3779,3832.1,3779,3820.2,25856
2014-03-03,3823,3847.2,3780.1,3793.05,25946
2014-03-04,3764,3821,3763.7,3799.9,46183
2014-03-05,3821,3840,3809.45,3815.3,27502
2014-03-06,3832,3846.35,3816.7,3835.7,17741
2014-03-07,3825,3830.9,3705,3740.95,106127
2014-03-10,3726.15,3726.6,3645.1,3672.75,45789
2014-03-11,3667,3706.95,3630,3672.75,35581
2014-03-12,3680,3698.4,3651.9,3670.9,20885
2014-03-13,3430.2,3449,3340,3357.5,466221
2014-03-14,3357.5,3401,3341.35,3389.45,72186
2014-03-18,3397.95,3412.8,3342,3349.25,52009
2014-03-19,3360,3366.5,3240.15,3271.55,148520
2014-03-20,3275,3349,3272,3303,84364
2014-03-21,3330,3337,3270.55,3305.25,85384
2014-03-22,3304,3311.75,3287,3293.95,4968
2014-03-24,3280,3316.95,3270,3274.05,46841
2014-03-25,3257,3279.5,3245,3251.6,35999
2014-03-26,3264.95,3271.5,3232,3244.65,44371
2014-03-27,3246,3262,3217,3228.5,35216
2014-03-28,3232.25,3270,3231,3257.75,46217
2014-03-31,3275,3304.2,3230.25,3278.85,105272
2014-04-01,3285,3322.85,3279.1,3310.6,42830
2014-04-02,3344,3348.55,3300,3320.2,36256
2014-04-03,3332,3345,3320,3338.6,26919
2014-04-04,3343,3354.75,3303,3315.5,29359
2014-04-07,3310,3320,3196,3291.25,23585
2014-04-09,3300,3300,3231,3253.1,98726
2014-04-10,3264,3264,3186.6,3206.6,53054
2014-04-11,3190.25,3256,3165,3235.85,105996
2014-04-15,3347,3371.8,3245.35,3260.45,503407
2014-04-16,3257,3257,3150,3156.4,117954
2014-04-17,3175,3207.95,3158,3189.9,56543
2014-04-21,3202,3217,3170,3181.25,34521
2014-04-22,3179.4,3200,3143,3149.9,44289
2014-04-23,3165.3,3190,3165,3172.75,36862
2014-04-25,3180,3194.4,3164.7,3174.25,28112
2014-04-28,3172.7,3193,3172.7,3178.15,25663
2014-04-29,3172.5,3195.05,3172.5,3178.6,26530
2014-04-30,3182.75,3191,3169.2,3177.2,253484
2014-05-02,3182.5,3244.25,3182.5,3219.8,28805
2014-05-05,3190,3231.45,3171.1,3176.15,25849
2014-05-06,3175.5,3182.1,3154,3164.15,22447
2014-05-07,3151,3165,3051.65,3064.45,103505
2014-05-08,3070,3088,3046.5,3062.95,50410
2014-05-09,3062.95,3120,3055.35,3105.4,41593
2014-05-12,3120,3190.05,3104.9,3177.9,101784
2014-05-13,3180.05,3285,3180.05,3265.5,74369
2014-05-14,3235,3261.3,3218,3246.9,33752
2014-05-15,3245.25,3285,3211.9,3270.4,43958
2014-05-16,3275,3337.4,3061.15,3177.85,122442
2014-05-19,3201,3201,3005,3022.75,226240
2014-05-20,3053.1,3133,3039.35,3119.05,59436
2014-05-21,3117,3157.9,3097.3,3150.65,33985
2014-05-22,3155.5,3173.65,3083.05,3107.2,51037
2014-05-23,3122,3167.2,3010,3066.5,74411
2014-05-26,3085,3108.8,3054.2,3093.85,47438
2014-05-27,3100,3158,3100,3133.9,46491
2014-05-28,3130,3188,3123.45,3172.2,32026
2014-05-29,3040,3040,2915,2924.3,404405
2014-05-30,2945,2955,2894,2941.5,992292
2014-06-02,2950,3000,2950,2993.5,97615
2014-06-03,3002.25,3036.1,2975.65,3015.4,63105
2014-06-04,3010,3024.1,2958.1,2993.7,75276
2014-06-05,2993.25,3063.2,2967,3037.95,88135
2014-06-06,3009,3012.6,2956.15,2999.8,150464
2014-06-09,3010.1,3015,2978,2985.7,75732
2014-06-10,2999,3080.85,2999,3067.2,75393
2014-06-11,3099,3255,3099,3178.75,245804
2014-06-12,3276,3298,3120.65,3166.6,273429
2014-06-13,3186,3205,3132.15,3181.65,96663
2014-06-16,3192,3258,3181,3242.2,84259
2014-06-17,3255,3265,3218.9,3247.25,46325
2014-06-18,3259,3274,3215.6,3244.55,77134
2014-06-19,3248,3322.5,3246,3312.4,86939
2014-06-20,3320,3335,3302.25,3315.6,53694
2014-06-23,3312,3312,3222,3231.05,46903
2014-06-24,3232,3234.4,3194.3,3210.3,87867
2014-06-25,3242.1,3242.1,3206.9,3212.8,92905
2014-06-26,3211,3230,3179.05,3189.4,80155
2014-06-27,3186,3233,3180,3221.95,50955
2014-06-30,3215.5,3259,3212.8,3246.45,41125
2014-07-01,3246,3254.95,3210,3221.75,40719
2014-07-02,3220.1,3245,3201,3218.5,29559
2014-07-03,3214.8,3230,3206,3210.75,46021
2014-07-04,3208,3248.8,3205,3239.15,33671
2014-07-07,3255.55,3359,3255.55,3343.75,98201
2014-07-08,3345,3404.1,3305.1,3333.8,88398
2014-07-09,3341,3382,3290.45,3304.3,48021
2014-07-10,3310,3377,3255,3292.9,94732
2014-07-11,3410,3429.35,3305,3325.8,197434
2014-07-14,3330,3330,3188.2,3227,79660
2014-07-15,3250,3258.95,3218,3225.45,51299
2014-07-16,3230,3246,3207.6,3229.4,52285
2014-07-17,3231,3342.85,3231,3243.3,43273
2014-07-18,3240,3273,3240,3253.2,27486
2014-07-21,3250,3275,3192.85,3206.45,46566
2014-07-22,3206,3250,3200.25,3235.1,42282
2014-07-23,3245,3352,3245,3347,67559
2014-07-24,3348,3386.85,3322,3378.25,42883
2014-07-25,3382,3390,3306,3352.35,38951
2014-07-28,3350,3386,3325,3366.4,23535
2014-07-30,3392.6,3392.6,3350,3368.05,49428
2014-07-31,3369.5,3392.65,3345.85,3365.7,26221
2014-08-01,3360,3390,3332,3340.35,36492
2014-08-04,3351,3482,3351,3462.6,126080
2014-08-05,3465,3515,3465,3504.25,66639
2014-08-06,3520.3,3604.5,3520,3574.7,127230
2014-08-07,3500,3542,3500,3514.55,72144
2014-08-08,3495.05,3520,3475.55,3480.35,35767
2014-08-11,3507.5,3583,3507.5,3573.25,28884
2014-08-12,3591,3595,3545,3576.4,25963
2014-08-13,3567,3618,3556,3599.1,45013
2014-08-14,3600,3622.5,3588.6,3603.75,25327
2014-08-18,3600,3609,3550,3558.45,24906
2014-08-19,3555,3586.8,3530,3551.1,29740
2014-08-20,3551.25,3583.75,3546.55,3552.5,16695
2014-08-21,3550.1,3561,3531,3542.95,22574
2014-08-22,3548,3606.95,3547.3,3601.25,172597
2014-08-25,3605,3630,3561.25,3621.5,28756
2014-08-26,3627,3637,3598.5,3620.6,30672
2014-08-27,3625,3648.75,3602,3632.75,30298
2014-08-28,3635,3635,3568,3594,19394
2014-09-01,3605.25,3615.45,3585.15,3603.4,17033
2014-09-02,3596,3623,3556.5,3611.55,88792
2014-09-03,3600,3740,3600,3734.6,106114
2014-09-04,3730,3730,3695.35,3708.05,26643
2014-09-05,3722,3792.95,3710,3730.3,50395
2014-09-08,3740,3792,3730,3778.35,23648
2014-09-09,3750,3755.4,3721.45,3736.8,42646
2014-09-10,3719.9,3719.9,3663.45,3668.1,48923
2014-09-11,3675,3699.6,3633.25,3683.65,23337
2014-09-12,3690,3709.85,3653.65,3672.35,26768
2014-09-15,3670,3674.5,3630,3642.95,74627
2014-09-16,3670,3687.2,3626.8,3656.55,83309
2014-09-17,3675.2,3745.9,3672,3740.4,40239
2014-09-18,3684,3730,3657.1,3699.9,66348
2014-09-19,3700,3769.35,3681.1,3701.45,132094
2014-09-22,3685,3693.7,3633,3650.95,43964
2014-09-23,3655,3685,3594.1,3612.8,155708
2014-09-24,3615,3671.65,3602.5,3649.4,57376
2014-09-25,3660,3705,3646.1,3693.65,64856
2014-09-26,3688,3718.9,3659.6,3681.2,73796
2014-09-29,3690,3764,3684,3751.1,37644
2014-09-30,3750,3757.9,3704,3747.65,86777
2014-10-01,3750,3859.9,3740.95,3847.2,71248
2014-10-07,3770,3892.05,3769.9,3830.3,164308
2014-10-08,3774,3800,3643.25,3650.2,164054
2014-10-09,3700,3713.9,3630,3645.55,202464
2014-10-10,3685,3908.6,3600,3888.95,647030
2014-10-13,3898,3986,3890,3943.45,173565
2014-10-14,3961.5,3969.9,3901.15,3918.65,74418
2014-10-16,3909,3936.95,3855,3865.6,60378
2014-10-17,3866,3920,3839.9,3853.85,49855
2014-10-20,3868,3888,3803.5,3812,50608
2014-10-21,3850,3850,3718,3774.2,71106
2014-10-22,3801.1,3810.75,3780,3794.7,32602
2014-10-23,3800,3828.65,3797.2,3805.8,18816
2014-10-27,3838,3838,3785.75,3803.05,23262
2014-10-28,3751.1,3813.5,3751.1,3794.05,26104
2014-10-29,3804.05,3894,3804.05,3879.25,27998
2014-10-30,3890,3979.05,3890,3946.15,71902
2014-10-31,3973.05,4070,3973.05,4051.45,83838
2014-11-03,4075,4108.45,4034.8,4084.5,62723
2014-11-05,4079.9,4154.35,4057.35,4126,73263
2014-11-07,4126,4183.45,4116.3,4168.7,61841
2014-11-10,4169,4181.35,4142.2,4170.2,30569
2014-11-11,4165.5,4165.5,4108.85,4124.55,32518
2014-11-12,4121.1,4150,4101,4108.45,28294
2014-11-13,4111,4200,4111,4181.1,41353
2014-11-14,4191.05,4209.45,4176.15,4188.35,44349
2014-11-17,4180,4225,4149.35,4208.8,49136
2014-11-18,4220,4225,4170.2,4176.9,28927
2014-11-19,4182,4196,4141.9,4179.75,30343
2014-11-20,4182,4232.4,4182,4221.7,35021
2014-11-21,4201,4201,4127.85,4146.1,54797
2014-11-24,4200,4280,4186,4273.9,104666
2014-11-25,4297.7,4319.75,4249,4303.15,83694
2014-11-26,4305,4311,4275,4297.65,61805
2014-11-27,4318,4377,4310.95,4366.9,126674
2014-11-28,4377,4399,4345,4359.25,132496
2014-12-01,4388,4401,4292.1,4350.75,239742
2014-12-02,2165,2165,2116,2127.95,295496
2014-12-03,2103.8,2131.95,2084.8,2122.6,111205
2014-12-04,2125,2144.55,2099,2102.3,98464
2014-12-05,2107.2,2114,2060.05,2069.7,135571
2014-12-08,2012,2017,1958.5,1968.6,2216111
2014-12-09,1985,1986,1952.55,1964.8,169508
2014-12-10,1965,1984.8,1960.5,1963.7,311042
2014-12-11,1960,1960,1915.95,1920.8,364612
2014-12-12,1932.25,1960,1919,1939.15,175072
2014-12-15,1909.4,1956.45,1906,1924.3,170457
2014-12-16,1925,1952,1925,1937.65,158721
2014-12-17,1921,1956,1898,1940.45,203846
2014-12-18,1948.55,1980,1946,1966.3,158751
2014-12-19,1990.2,2007.1,1985.75,2001.9,1151684
2014-12-22,2002.25,2008.55,1975.15,1997,505013
2014-12-23,2000,2021,1964.3,1971.1,68336
2014-12-24,1971.7,1985,1917.75,1934.05,147248
2014-12-26,1942,1958.95,1932,1950.35,53838
2014-12-29,1952.1,1972,1952.1,1959.8,101980
2014-12-30,1965,1974,1957.25,1966.4,44401
2014-12-31,1959,1979,1951,1971.2,942220
2015-01-01,1967.8,1981.2,1957.45,1975.8,38031
2015-01-02,1975,2019.6,1973.9,2013.45,61011
2015-01-05,2014.7,2029.65,1977.65,1996.6,82374
2015-01-06,1984.9,1988,1935,1956.85,221586
2015-01-07,1957.1,1975.3,1950,1964.8,774738
2015-01-08,1982.5,1996.85,1951,1974.55,787864
2015-01-09,1985,2108,1914.1,2073.6,1128867
2015-01-12,2095.05,2119,2076.25,2114.75,221565
2015-01-13,2114.4,2114.4,2075.15,2087.25,93215
2015-01-14,2095,2135,2092.9,2128.8,153260
2015-01-15,2144,2152.9,2114.5,2133.95,119513
2015-01-16,2140.2,2147.35,2110,2114.15,68114
2015-01-19,2118,2131,2095.8,2102.4,60895
2015-01-20,2102.4,2132.9,2100.45,2122.35,68958
2015-01-21,2126.2,2170,2117.3,2165.1,360800
2015-01-22,2169,2202,2161.8,2195.7,84270
2015-01-23,2200,2222,2166.75,2214.05,105912
2015-01-27,2214.05,2216,2131,2136,112739
2015-01-28,2146.55,2154.5,2133,2145.1,84013
2015-01-29,2135.2,2149.35,2128.25,2142.9,158005
2015-01-30,2152,2163.6,2126.4,2142.75,241853
2015-02-02,2140,2151.2,2127.65,2134.35,64483
2015-02-03,2140,2140,2103.05,2120.35,73571
2015-02-04,2128,2149.5,2128,2142.05,54536
2015-02-05,2144,2220,2144,2193.6,179273
2015-02-06,2193,2246.75,2192.4,2229.35,121493
2015-02-09,2229.35,2255,2206.4,2250.2,160907
2015-02-10,2244.9,2297.4,2225,2280.3,141656
2015-02-11,2275,2295,2258.25,2287.2,60563
2015-02-12,2280,2322.85,2275,2315.45,79766
2015-02-13,2311,2324.9,2286.95,2296.4,109731
2015-02-16,2281,2305.85,2266,2278.5,85541
2015-02-18,2284,2305,2261.1,2295.75,69884
2015-02-19,2304,2333.9,2292,2326.6,85835
2015-02-20,2324,2335.2,2277,2284.3,79717
2015-02-23,2303.95,2311,2253.25,2270.7,75951
2015-02-24,2276.05,2295,2258,2278.15,52251
2015-02-25,2290,2332,2278.35,2318.05,161995
2015-02-26,2314.9,2314.9,2250,2259.5,69845
2015-02-27,2267.25,2280.85,2258,2266.35,50721
2015-02-28,2270,2310,2258,2294.85,73422
2015-03-02,2300,2308,2278.4,2291.45,38621
2015-03-03,2291,2309,2279.45,2297.35,39781
2015-03-04,2299,2313.5,2252.35,2272.6,71430
2015-03-05,2268.4,2297.4,2236,2251.7,62659
2015-03-09,2255,2256,2179.2,2190.55,121463
2015-03-10,2200,2207,2163.3,2200.1,90340
2015-03-11,2190,2240,2172.6,2183.6,127073
2015-03-12,2184.9,2226.35,2177.5,2217.8,86262
2015-03-13,2226.1,2228.8,2194.4,2216.45,55664
2015-03-16,2210,2282,2210,2267,77167
2015-03-17,2260.2,2278.5,2218.2,2241.95,84879
2015-03-18,2250,2260.75,2220,2230.2,41571
2015-03-19,2227,2244.15,2224.2,2229.9,510708
2015-03-20,2233,2269.5,2233,2258.95,78706
2015-03-23,2252,2275,2226.85,2232.4,360348
2015-03-24,2230,2252,2206.25,2212.1,54726
2015-03-25,2217.3,2227.7,2200,2217.7,73237
2015-03-26,2212,2213.5,2130,2144.45,113160
2015-03-27,2164,2225,2160,2201.95,80772
2015-03-30,2214,2244.05,2195.45,2229.8,57982
2015-03-31,2243.6,2272,2204.85,2216.6,76544
2015-04-01,2209.4,2209.4,2160,2172.25,158123
2015-04-06,2178,2185,2162,2177.2,58059
2015-04-07,2180,2183.95,2141.8,2161.25,70057
2015-04-08,2175.5,2206.85,2174,2200.8,39799
2015-04-09,2210,2216.4,2187,2211.4,34035
2015-04-10,2210,2239,2210,2233.3,46425
2015-04-13,2235,2244,2217.6,2239,33879
2015-04-15,2238.9,2242.9,2195.5,2213.2,44205
2015-04-16,2215,2230,2156.25,2191.1,74490
2015-04-17,2188,2195,2153.45,2181.95,32599
2015-04-20,2181,2184,2117.25,2133.25,803964
2015-04-21,2138,2152.45,2119.8,2144.4,165766
2015-04-22,2146.15,2175,2100.25,2138.45,79181
2015-04-23,2145.3,2145.3,2112.5,2122.55,106525
2015-04-24,2131,2150,1982,1996.25,1521097
2015-04-27,2001,2010,1950,1986,342672
2015-04-28,1988,1988,1953,1961.35,245184
2015-04-29,1965,1972,1938.55,1961.6,157079
2015-04-30,1960,1960.15,1932.65,1942.4,349958
2015-05-04,1961,1999,1950,1994.3,104050
2015-05-05,2000,2005,1955,1966.75,240455
2015-05-06,1979,1980,1917.5,1922.5,426919
2015-05-07,1928.8,1967,1911.1,1942.8,128016
2015-05-08,1963.9,1968.6,1945.8,1958,68142
2015-05-11,1965.1,2000,1954,1992,121332
2015-05-12,1998.9,1998.9,1941.25,1949.6,183414
2015-05-13,1954,1965,1932.6,1955.95,1676667
2015-05-14,1960,1960,1910,1934.55,132623
2015-05-15,1935.1,1965,1935,1959.75,85168
2015-05-18,1964.2,1998,1962.05,1991.75,117246
2015-05-19,1989,2032.7,1984.4,2018.15,92395
2015-05-20,2033.55,2051,2033.55,2044.7,68143
2015-05-21,2049,2061,2035,2043.35,54123
2015-05-22,2045,2049.4,2030.05,2041.8,172287
2015-05-25,2050,2056.9,2007,2018,84132
2015-05-26,2021,2031.05,2000.5,2009.3,119724
2015-05-27,2015,2015,1953.75,1969.05,137813
2015-05-28,1980,2027,1976.3,2014.3,105359
2015-05-29,2017,2053.5,2003.75,2022.4,186598
2015-06-01,2030,2063,2023.3,2045.7,79075
2015-06-02,2045,2054.8,2005.1,2008.8,138784
2015-06-03,2020,2060,2008.25,2023.1,174177
2015-06-04,2031,2056.6,2014.35,2028.05,86442
2015-06-05,2039,2044,2009.15,2012.1,119921
2015-06-08,2012,2020.25,1990,2000.25,56073
2015-06-09,2013,2013,1985.1,1992.55,162858
2015-06-10,2010,2039.7,1986,2026.2,106086
2015-06-11,2035,2045,1997.05,2001.85,219093
2015-06-12,2002,2024.5,1955.5,1976.65,364406
2015-06-15,980,998.85,968.5,991.1,352567
2015-06-16,994,1002,985,999.45,124572
2015-06-17,1007,1020.4,993.3,995.8,200684
2015-06-18,1000.25,1005.95,996,1000.9,98293
2015-06-19,1005,1010.3,992.5,996.75,105608
2015-06-22,1009,1028.8,997.5,1024.4,189597
2015-06-23,1025,1028,999.1,1001.15,219714
2015-06-24,1010,1013.4,991.6,995.1,151837
2015-06-25,1000,1003,987.85,991.15,187888
2015-06-26,995,1011.75,995,1006.1,177156
2015-06-29,988,999,980,990.25,214778
2015-06-30,993,993,983.1,985.35,130902
2015-07-01,990,1000,986.15,997.7,92268
2015-07-02,1000,1000.4,985.15,988.15,123814
2015-07-03,987,993,983.55,989.95,97141
2015-07-06,980,988.25,975.5,983.5,137500
2015-07-07,990,990.75,980.05,982.05,86525
2015-07-08,985,985,955,957.2,335285
2015-07-09,960,966.95,934,937.7,325585
2015-07-10,950,951.85,932.55,937,154023
2015-07-13,940,954.45,934.1,950.05,199391
2015-07-14,955,973.6,945.35,970.1,268169
2015-07-15,971.9,985.2,969,982.65,135014
2015-07-16,985.5,991.2,979.1,987.8,98765
2015-07-17,989.9,1003.95,989,1002,198520
2015-07-20,1003.25,1010,987.25,1001.9,173740
2015-07-21,1022.2,1127.75,1022.2,1112.65,1417565
2015-07-22,1105,1111.45,1075.75,1102.6,304363
2015-07-23,1103,1117.7,1091,1098.85,184063
2015-07-24,1100,1106.2,1082.4,1089.35,123690
2015-07-27,1089,1089,1060.5,1065,221136
2015-07-28,1077,1077,1055.5,1063.5,126104
2015-07-29,1068,1092.25,1065,1085.2,130349
2015-07-30,1090,1090,1059.75,1069.1,111411
2015-07-31,1079,1081.2,1061.6,1078.05,143459
2015-08-03,1080,1091.5,1069,1079.05,126860
2015-08-04,1078,1080,1053,1059.8,176101
2015-08-05,1065,1090,1065,1086.55,107932
2015-08-06,1090.2,1105.95,1079,1089.45,185927
2015-08-07,1089.45,1100.9,1080,1095.6,102142
2015-08-10,1097,1106,1068.1,1081.95,102736
2015-08-11,1098.9,1115,1073.5,1104.35,228334
2015-08-12,1110,1147,1110,1141.75,254659
2015-08-13,1147,1166,1130,1156.85,295308
2015-08-14,1166,1168.8,1143,1149,184615
2015-08-17,1150,1150.75,1122.5,1141.85,94446
2015-08-18,1147,1177,1147,1163.8,182975
2015-08-19,1166,1186,1163.8,1175.05,284572
2015-08-20,1170,1170,1130.2,1138.2,238532
2015-08-21,1141,1159.4,1119.1,1150.6,232617
2015-08-24,1120,1123,1080.05,1092.65,340349
2015-08-25,1096,1120,1045,1086.5,252522
2015-08-26,1099,1099,1059.6,1065.35,187394
2015-08-27,1090,1098.9,1076.5,1084.1,119885
2015-08-28,1095.2,1124,1095,1110.7,170300
2015-08-31,1130,1130,1083.6,1095.2,194970
2015-09-01,1089.95,1114.4,1082.1,1089.65,194363
2015-09-02,1100,1114.6,1090.1,1100.3,157076
2015-09-03,1110,1111.05,1093.95,1100.65,84826
2015-09-04,1107.8,1110,1068,1073.8,158330
2015-09-07,1081,1084,1055,1059.6,114695
2015-09-08,1063,1074.45,1052.35,1059.3,144972
2015-09-09,1088,1099,1072.5,1088.5,147657
2015-09-10,1088,1091,1061.7,1080.35,124828
2015-09-11,1092,1105.45,1085.25,1090.7,132213
2015-09-14,1096.2,1100,1082.55,1097.75,87985
2015-09-15,1099,1104.3,1088.1,1098.4,85527
2015-09-16,1105,1108.45,1098.2,1101.5,254703
2015-09-18,1110,1118,1099.25,1104.75,143076
2015-09-21,1105,1108.8,1093.55,1104.65,87241
2015-09-22,1115,1135.4,1100,1105.5,189121
2015-09-23,1109.8,1126,1097.5,1116.65,111417
2015-09-24,1111,1149.6,1110.05,1141.4,198943
2015-09-28,1140,1143.35,1103.05,1108.2,152660
2015-09-29,1102,1132,1098,1121.1,167616
2015-09-30,1133,1165.35,1127.55,1160.45,217212
2015-10-01,1169.9,1197,1162.35,1173.25,217864
2015-10-05,1176.05,1188.9,1162.55,1180.5,149537
2015-10-06,1185,1190,1148.6,1154.85,201793
2015-10-07,1157.9,1168.9,1128.35,1133.15,203853
2015-10-08,1140,1149.65,1126,1132.45,141959
2015-10-09,1133,1172.6,1133,1167.85,363649
2015-10-12,1202.7,1219,1108.9,1122.5,1271136
2015-10-13,1107,1114.8,1087.1,1098.65,458188
2015-10-14,1090,1115,1090,1097.45,240004
2015-10-15,1102,1108,1089,1097,207401
2015-10-16,1100,1103.2,1090,1093.75,145067
2015-10-19,1100,1117,1100,1112.2,158370
2015-10-20,1113,1129.8,1111.6,1125.35,170023
2015-10-21,1125.95,1146,1125.35,1137.6,171006
2015-10-23,1140,1152,1125.1,1148.55,149197
2015-10-26,1150,1157.25,1143,1151.4,108324
2015-10-27,1151,1154,1144,1148.45,64063
2015-10-28,1146,1160,1139.5,1151.35,97512
2015-10-29,1150,1155,1136,1142.7,67592
2015-10-30,1142.7,1144,1130.5,1136.05,74766
2015-11-02,1130,1135,1114.3,1131.55,80325
2015-11-03,1134,1149,1134,1143,108784
2015-11-04,1148,1155.6,1133.1,1137.05,92385
2015-11-05,1139,1144.85,1117.05,1122.45,145382
2015-11-06,1125,1142.7,1125,1138.05,81166
2015-11-09,1120,1137.65,1115,1133.95,91972
2015-11-10,1134,1134,1102,1106.4,113628
2015-11-11,1115,1119.45,1104,1109.15,60395
2015-11-13,1107,1107,1090,1100.45,88143
2015-11-16,1085,1093.75,1067.1,1080.2,159011
2015-11-17,1082,1084,1052.05,1061.1,331519
2015-11-18,1044,1044.35,1012.25,1019.85,408814
2015-11-19,1032,1051.75,1024.6,1047.3,300690
2015-11-20,1050,1062,1042.65,1052.9,141064
2015-11-23,1051.5,1061.3,1038.05,1053.5,125236
2015-11-24,1045,1050,1037,1041,120699
2015-11-26,1044,1058.7,1035,1053.2,123381
2015-11-27,1050,1069.65,1046.2,1066.3,117372
2015-11-30,1070,1098,1056,1088.45,150439
2015-12-01,1088.5,1093.05,1072,1076.65,103209
2015-12-02,1082,1082,1058.05,1060.2,100417
2015-12-03,1062.5,1065.25,1050,1056,177130
2015-12-04,1053,1063.6,1040.9,1047.8,313869
2015-12-07,1052,1058.55,1040.25,1045.85,89772
2015-12-08,1045,1062,1041.1,1044.95,92596
2015-12-09,1044,1047.6,1023.5,1029.35,371357
2015-12-10,1035.1,1051.5,1030.45,1046.4,214797
2015-12-11,1050.1,1060.9,1046,1052.35,183240
2015-12-14,1050,1073.3,1049,1069.5,152225
2015-12-15,1075,1079.8,1058.15,1076.9,122227
2015-12-16,1080,1097.8,1080,1095.4,114102
2015-12-17,1100,1110,1088,1106.95,239233
2015-12-18,1098,1102.95,1080.1,1085.95,181304
2015-12-21,1075,1104.75,1070.9,1102,113148
2015-12-22,1100,1100,1080.5,1083.6,101654
2015-12-23,1088,1100,1087,1098,84969
2015-12-24,1100,1103.4,1090.4,1095.85,44727
2015-12-28,1092.7,1107.6,1090,1101.65,79575
2015-12-29,1101.1,1109.65,1097.5,1103.75,56203
2015-12-30,1100,1106.35,1083.5,1086.05,91402
2015-12-31,1088,1109,1088,1104.55,80683
2016-01-01,1100,1108.9,1094.3,1103.15,54123
2016-01-04,1103.15,1103.15,1077.5,1080.6,86761
2016-01-05,1083,1088,1063,1074.8,118328
2016-01-06,1073,1074.5,1059.1,1069.45,108090
2016-01-07,1060,1067.95,1048.3,1051.25,96322
2016-01-08,1056,1068.5,1055.9,1062.65,84418
2016-01-11,1060,1069.45,1052.5,1057.1,257718
2016-01-12,1059,1061.5,1031.85,1050.05,139898
2016-01-13,1050,1090,1047.6,1082.35,246428
2016-01-14,1068,1155,1054.95,1128.7,1741690
2016-01-15,1145,1163.45,1136.55,1140.2,245741
2016-01-18,1138,1161.45,1128,1131.95,182391
2016-01-19,1135,1158.7,1129.5,1139.1,357103
2016-01-20,1139.1,1145,1116.6,1121.65,210916
2016-01-21,1128,1142.5,1122.5,1136.5,158126
2016-01-22,1140,1152,1130,1135.9,114510
2016-01-25,1140,1146.95,1125.6,1137.65,82957
2016-01-27,1149.4,1149.85,1136,1138.35,65148
2016-01-28,1138,1142.5,1127.7,1131.35,51720
2016-01-29,1135,1169.7,1132,1164.85,253783
2016-02-01,1170,1179.85,1163,1171.3,81396
2016-02-02,1172,1188.25,1168,1174.8,159252
2016-02-03,1171,1175,1152.7,1158.15,59095
2016-02-04,1164,1193.6,1161.75,1179.9,111132
2016-02-05,1179,1185.45,1172.1,1174.95,64237
2016-02-08,1170,1171.8,1143.35,1149.1,105756
2016-02-09,1130,1130,1094,1109.3,151274
2016-02-10,1108,1127,1105.55,1110.15,119313
2016-02-11,1114,1114,1072.35,1081.15,122451
2016-02-12,1086,1103.5,1067,1083.5,162881
2016-02-15,1090,1099.95,1083.5,1091.35,1511012
2016-02-16,1090,1092,1075.15,1081,290852
2016-02-17,1082,1101.4,1077,1095.45,388379
2016-02-18,1097,1126.45,1097,1122.7,90760
2016-02-19,1122.9,1133.25,1114.65,1125.55,74901
2016-02-22,1133,1133,1114.3,1125.3,107010
2016-02-23,1133,1133,1117.05,1123.95,79735
2016-02-24,1123,1143.95,1119,1125.4,205289
2016-02-25,1125,1130.4,1102,1111.25,289872
2016-02-26,1113,1130.75,1113,1121.05,160687
2016-02-29,1130,1130,1069.35,1083.75,215509
2016-03-01,1098,1131,1089,1124.5,126194
2016-03-02,1132,1162,1125,1156.25,198991
2016-03-03,1169,1192.9,1155.15,1169.15,197098
2016-03-04,1170,1184.4,1160,1170.55,125974
2016-03-08,1170,1190,1148,1163.55,126706
2016-03-09,1147,1183.8,1144,1178.5,119628
2016-03-10,1164,1164.1,1142.95,1145.95,1577978
2016-03-11,1146,1156.1,1139,1142.5,79183
2016-03-14,1150,1154.5,1138,1140.95,74870
2016-03-15,1146,1153.9,1129,1134.35,75943
2016-03-16,1139.95,1154.9,1132.05,1152,69839
2016-03-17,1156,1169.9,1154,1160.2,67113
2016-03-18,1161,1195.8,1161,1190.2,148307
2016-03-21,1187,1199,1180.2,1195,120111
2016-03-22,1194,1194,1172.3,1189.9,106871
2016-03-23,1189,1212,1181.95,1207.75,159976
2016-03-28,1229.95,1234.65,1196.2,1204.7,162252
2016-03-29,1200,1217.5,1191.6,1198.95,114575
2016-03-30,1200,1209,1196,1205.8,78561
2016-03-31,1210,1228.95,1200.6,1217.95,113873
2016-04-01,1212,1221.8,1197,1205.9,123298
2016-04-04,1212,1249.9,1212,1243.55,119168
2016-04-05,1243,1243,1215,1218.6,246634
2016-04-06,1224.5,1228,1197,1201.1,103294
2016-04-07,1212,1214.85,1164,1181.65,5832025
2016-04-08,1175,1178,1162.05,1167.35,92191
2016-04-11,1167,1187.25,1151.4,1184.4,147732
2016-04-12,1185,1194.95,1178.6,1182.3,170027
2016-04-13,1194,1195,1166.5,1172.05,801832
2016-04-18,1245.55,1267.9,1233.45,1238.8,753862
2016-04-20,1245,1249.95,1225.5,1243.25,151925
2016-04-21,1250,1250,1219,1226.4,151414
2016-04-22,1221,1229,1210,1213.85,96304
2016-04-25,1214,1224.45,1201.05,1217.05,129233
2016-04-26,1215,1239,1209,1232.95,120720
2016-04-27,1229.9,1242,1228.2,1240,69424
2016-04-28,1233,1239.9,1210.05,1211.45,517659
2016-04-29,1212,1224.4,1206,1210.85,93993
2016-05-02,1214,1214,1196.3,1200.65,116483
2016-05-03,1200,1212.05,1174.3,1180.75,138555
2016-05-04,1191,1192.5,1171.55,1189.55,108048
2016-05-05,1191,1199,1181.85,1192.45,531520
2016-05-06,1192,1192,1176.7,1181.45,73541
2016-05-09,1190,1200.5,1181.55,1199.15,76269
2016-05-10,1200,1216,1196.4,1212.55,74273
2016-05-11,1205,1214.95,1193,1201.05,109159
2016-05-12,1208.95,1212.5,1197.8,1210.2,115768
2016-05-13,1207,1209,1192.65,1206.7,82888
2016-05-16,1210,1221.75,1208,1213.95,80904
2016-05-17,1218,1225,1210,1214.05,61890
2016-05-18,1203.5,1213.95,1198,1209.75,66017
2016-05-19,1209,1215.85,1201.1,1205.35,41837
2016-05-20,1204,1219.5,1200.05,1201.75,49424
2016-05-23,1201.5,1204.4,1185.55,1190.75,107246
2016-05-24,1190,1194,1178.5,1188.2,84747
2016-05-25,1196,1212.85,1196,1208.85,54461
2016-05-26,1208,1236.9,1208,1231.65,112874
2016-05-27,1230,1256.85,1230,1246.4,169649
2016-05-30,1247,1270,1244.1,1263.45,132179
2016-05-31,1268,1268,1239,1249.85,72964
2016-06-01,1241,1267.5,1241,1256.45,87677
2016-06-02,1253,1274,1253,1260.25,105795
2016-06-03,1264,1278,1263.45,1266.45,63514
2016-06-06,1270,1277.25,1260.05,1267.1,49192
2016-06-07,1267,1272,1255.35,1257.2,295440
2016-06-08,1260,1264.95,1236,1238.3,202263
2016-06-09,1228.9,1228.9,1181.1,1185.45,495595
2016-06-10,1175.5,1190,1170.9,1180.8,247826
2016-06-13,1176,1185.8,1166.25,1182.55,121513
2016-06-14,1183.1,1184.9,1167.75,1175.2,99403
2016-06-15,1180,1191.15,1179,1189.2,126892
2016-06-16,1193.7,1193.7,1170.5,1186.2,161237
2016-06-17,1190,1191.4,1175.1,1178.3,103455
2016-06-20,1178.2,1211.9,1177.9,1208.6,144354
2016-06-21,1209,1215,1196.5,1205.9,120352
2016-06-22,1197.25,1211.7,1190,1198.55,76515
2016-06-23,1199.9,1214.65,1193.45,1211.55,159955
2016-06-24,1199,1199,1159,1194.5,227077
2016-06-27,1176,1179.8,1160,1166.25,192742
2016-06-28,1166.25,1173,1156,1161.05,187648
2016-06-29,1165,1179.35,1161.25,1176.55,119789
2016-06-30,1192.7,1192.7,1168.1,1170.75,145080
2016-07-01,1180,1180.55,1170,1172.1,97337
2016-07-04,1176,1194.8,1176,1184.25,159245
2016-07-05,1185,1185.5,1171.55,1175.45,73198
2016-07-07,1175.45,1175.45,1155,1157.2,167697
2016-07-08,1177.2,1177.2,1153.2,1158.75,1305599
2016-07-11,1165,1178,1160.5,1174.85,126988
2016-07-12,1174,1180,1168,1176,93277
2016-07-13,1180,1195,1175.1,1193.15,132209
2016-07-14,1195,1195.05,1165.2,1175.85,243844
2016-07-15,1186.35,1195,1058.3,1072.25,2710883
2016-07-18,1075,1084.45,1056,1081.7,949800
2016-07-19,1086.5,1089,1075,1086.3,693722
2016-07-20,1071,1089.5,1070,1083.05,260461
2016-07-21,1080,1087,1075.5,1080.35,966766
2016-07-22,1075,1077.45,1067,1072.65,229748
2016-07-25,1065,1083,1065,1080.5,223034
2016-07-26,1080,1089.8,1074,1088.8,238182
2016-07-27,1088.7,1097.1,1080,1087.55,375417
2016-07-28,1087.55,1087.55,1076.05,1079.2,331025
2016-07-29,1078,1078,1067,1073.95,240309
2016-08-01,1074,1087.5,1069,1085,291579
2016-08-02,1089.9,1089.9,1076.05,1084.3,196367
2016-08-03,1085,1087.25,1072,1085,160694
2016-08-04,1090,1090,1070,1072.15,208434
2016-08-05,1065,1074,1051,1067.4,234663
2016-08-08,1068,1082.6,1061.65,1078.8,1039761
2016-08-09,1079,1084.25,1071.55,1081.5,136508
2016-08-10,1079.9,1086.05,1075.05,1079.95,127204
2016-08-11,1081.9,1094,1075.8,1077.1,209563
2016-08-12,1075,1078.85,1060,1063.3,232312
2016-08-16,1042,1058,1027.6,1050.95,331107
2016-08-17,1046,1051.9,1030.5,1033.4,203762
2016-08-18,1035,1044.8,1022.95,1024.3,229792
2016-08-19,1026.5,1038.9,1019,1021.1,186716
2016-08-22,1021.1,1030,1009.2,1015.4,210652
2016-08-23,1016.45,1041,1016.45,1039.25,233292
2016-08-24,1045,1061.95,1045,1057.55,182209
2016-08-25,1058,1058,1032.3,1036.55,119690
2016-08-26,1037,1046,1017.1,1020.75,181021
2016-08-29,1020,1028,1011.8,1022.25,200768
2016-08-30,1037,1055.1,1024.8,1041,188509
2016-08-31,1041.5,1046,1030.6,1036.8,213914
2016-09-01,1036,1039.9,1032.25,1037.65,103907
2016-09-02,1037,1039,1026.8,1031.05,1044478
2016-09-06,1040,1048.9,1035,1045.1,286075
2016-09-07,1045,1058.5,1043.5,1055,262202
2016-09-08,1048,1050,1025,1037.9,556393
2016-09-09,1038,1040.75,1027.65,1036,231625
2016-09-12,1028,1057.2,1026,1054,300737
2016-09-14,1055,1057.3,1043,1047.1,392521
2016-09-15,1048,1054.8,1036.05,1041.35,149599
2016-09-16,1051,1064.15,1038,1060.35,206464
2016-09-19,1050,1068.65,1043,1061.15,645622
2016-09-20,1054,1057.25,1046.5,1050.35,87819
2016-09-21,1051,1060.25,1051,1056.7,93680
2016-09-22,1056,1060.65,1051.6,1058.5,70148
2016-09-23,1059,1059.85,1040,1043,90231
2016-09-26,1041,1043,1031.4,1035.7,740248
2016-09-27,1035.7,1049.55,1035,1040.45,179709
2016-09-28,1040,1041.8,1034,1038.6,179858
2016-09-29,1041,1044,1024,1029.9,346219
2016-09-30,1031,1043.85,1031,1038.1,221130
2016-10-03,1038.1,1040.8,1026.5,1037.85,91512
2016-10-04,1040,1051.1,1038,1048.8,109948
2016-10-05,1048.7,1049.5,1037,1041.15,63896
2016-10-06,1041,1041.15,1025,1026.65,111515
2016-10-07,1030,1032.75,1010.05,1012.65,387753
2016-10-10,1014.55,1032,1010,1029.55,207535
2016-10-13,1029.45,1057.5,1024.55,1052.05,350894
2016-10-14,1060,1080.7,996.15,1027.4,1856578
2016-10-17,1036,1041.75,1017.9,1022.05,233827
2016-10-18,1030,1039.9,1027.4,1038.2,139967
2016-10-19,1042,1045.05,1035,1041.6,126185
2016-10-20,1041.1,1049.95,1035,1036.95,106661
2016-10-21,1035,1041,1025.05,1038.1,70432
2016-10-24,1040,1042,1027,1029,75995
2016-10-25,1029.9,1035.9,1015.5,1017.35,112655
2016-10-26,1020,1020.6,1010.1,1014.85,142755
2016-10-27,1015.9,1019.8,1004.35,1006.15,121843
2016-10-28,1007,1009.8,994,997.45,236769
2016-10-30,1001,1006.45,1000,1002.5,56375
2016-11-01,1009.85,1009.85,986,988.85,230329
2016-11-02,988,988,980,981.1,141299
2016-11-03,984.5,984.5,965.1,966.9,209405
2016-11-04,966.9,978.85,962,970.8,203448
2016-11-07,982.25,990,975.6,978.75,106708
2016-11-08,986.05,990,970.95,982.8,147105
2016-11-09,940,973.7,900.3,955.85,408320
2016-11-10,961.05,965.2,935,938.6,271448
2016-11-11,940,942,919,921.85,215606
2016-11-15,922,938,909.55,924.75,244625
2016-11-16,926.1,956.7,926.1,940.1,182434
2016-11-17,934.8,949,926.25,929.55,135971
2016-11-18,929.8,932.9,918,919.8,104317
2016-11-21,930.9,930.9,906.75,911.15,132361
2016-11-22,921.75,928,912,913.95,103448
2016-11-23,924,924,913.2,920.5,171245
2016-11-24,923.3,940,922.9,932.7,350633
2016-11-25,930.3,984.9,930.3,977.3,396652
2016-11-28,994.8,994.8,970.65,979.65,375741
2016-11-29,983,983.45,967.4,972.65,109828
2016-11-30,970,977.5,962,975.45,141635
2016-12-01,976,984,969.45,976.05,99683
2016-12-02,969,969.9,961,964.1,89536
2016-12-05,965,968.2,957.9,961.4,85878
2016-12-06,966.5,978.7,962.7,966.95,112489
2016-12-07,967.2,972.6,960.9,966.6,123075
2016-12-08,966.6,987.8,966.6,984.75,85826
2016-12-09,986.5,1007.05,983,987.35,190444
2016-12-12,981,981.5,965.45,977.5,183653
2016-12-13,977,991.85,973.5,990.05,117842
2016-12-14,991.55,1004,984,999.05,331088
2016-12-15,997.9,1018.9,990,993.25,259145
2016-12-16,999.2,1009,998,1004.2,112733
2016-12-19,1005,1006.05,994.2,1002.2,80041
2016-12-20,998,1018.95,998,1010.4,129010
2016-12-21,1015,1020.95,1001.05,1003.7,117589
2016-12-22,1002.9,1006.9,970.2,985.2,348543
2016-12-23,981.35,1006.6,975,989.3,154679
2016-12-26,989,993.85,976,983,107748
2016-12-27,983.1,1002.9,982.25,999.25,132518
2016-12-28,999.5,1009.75,995.2,999.15,452433
2016-12-29,1000,1007.45,986.4,994.1,165205
2016-12-30,995.25,1012,993,1010.7,217681
2017-01-02,1012,1013.1,1000,1001.6,74583
2017-01-03,1002.35,1005.9,980.8,994.65,418341
2017-01-04,994.6,1003.3,993.7,998.3,142847
2017-01-05,999,1009,989.1,996.4,520675
2017-01-06,993,998.95,968.45,971.45,887743
2017-01-09,974,976.85,965,970.55,257174
2017-01-10,976.25,980.95,968,970.6,457619
2017-01-11,978,978,964,969,193257
2017-01-12,972.25,1004.4,972.25,1000.05,261761
2017-01-13,1026.35,1045,964,975.15,1266558
2017-01-16,965,965.5,952.5,955.7,274905
2017-01-17,959.8,964.75,954,956.05,211084
2017-01-18,958,961,950,950.9,161026
2017-01-19,951,960.3,949.6,958.55,284633
2017-01-20,953,955,946,948.8,221048
2017-01-23,947,957.5,939.5,951.75,177213
2017-01-24,952.85,953,940.15,945.1,125628
2017-01-25,948.75,950,935,936.65,222990
2017-01-27,935,948,926.4,942.15,319411
2017-01-30,938.7,951.9,929.65,948.35,492355
2017-01-31,943.9,947,905,929.3,870855
2017-02-01,921.9,923.2,906,916.55,334107
2017-02-02,916,945.2,911,935.35,457353
2017-02-03,934,940.7,921.5,934.95,338325
2017-02-06,939,941.65,931,934.45,206625
2017-02-07,934.9,949.4,929.05,944.75,254452
2017-02-08,940,943.95,932.35,936.45,189339
2017-02-09,936,949.9,936,948.1,330675
2017-02-10,945,971.8,944,968.05,1185031
2017-02-13,975,985,963.1,983.5,473230
2017-02-14,982.55,988.5,972.7,987.3,503405
2017-02-15,982.15,998,969.9,982.35,294759
2017-02-16,992,1014.8,990,1011.9,374068
2017-02-17,1011.9,1012.05,993.4,999.7,157562
2017-02-20,998.9,1028.1,993.5,1011.7,134042
2017-02-21,1020,1024.8,1000.1,1012.95,263663
2017-02-22,1012.7,1015,988.25,991.85,164123
2017-02-23,991,1019.9,991,1009.05,201473
2017-02-27,1005.5,1022.45,1005.5,1012.75,153815
2017-02-28,1011,1021.85,1009,1012.3,80872
2017-03-01,1014.6,1026.2,1011.8,1025,152690
2017-03-02,1025,1027.9,1016.1,1020.65,96218
2017-03-03,1010.1,1034.25,1000.5,1031.15,186408
2017-03-06,1019.8,1035.9,1018,1033.85,155040
2017-03-07,1024,1025.5,1015,1019.7,119466
2017-03-08,1020,1020,1004.25,1007.25,112606
2017-03-09,1007.25,1013,999,1011.6,92280
2017-03-10,1011.7,1027.5,1011.7,1020.1,169675
2017-03-14,1032.5,1041.75,1023.65,1035,169244
2017-03-15,1035,1035,1008,1012.1,111851
2017-03-16,1012,1032,1012,1028.5,103395
2017-03-17,1035,1042.5,1020.45,1040,111037
2017-03-20,1029,1029,1015.9,1020.6,137062
2017-03-21,1021,1034.8,1018.9,1032,101168
2017-03-22,1020,1039,1020,1027.8,116068
2017-03-23,1028,1042.55,1026.55,1040.6,107188
2017-03-24,1040.4,1043.95,1026,1031.8,138729
2017-03-27,1033,1041.95,1024.3,1028.8,250667
2017-03-28,1026.25,1038.75,1026.25,1035.1,71188
2017-03-29,1035,1040.5,1025.85,1031.35,341718
2017-03-30,1034.2,1035.85,1020.1,1024.5,139022
2017-03-31,1026,1028.8,1009.8,1020.8,316705
2017-04-03,1027.1,1030.5,1006.55,1009.45,157467
2017-04-05,1005,1006,991,995.4,175145
2017-04-06,995.1,1005.8,992,999.15,89547
2017-04-07,1000,1000,979,981.25,214862
2017-04-10,982,991,950,952.95,331766
2017-04-11,955,971.2,955,967.15,157718
2017-04-12,972,976.05,961.05,968.8,212099
2017-04-13,974,990.95,927,931.4,1552568
2017-04-17,932,932.35,921.9,924.8,280146
2017-04-18,925,934,919.55,922.4,270730
2017-04-19,929.8,929.8,912,918.8,308768
2017-04-20,920,929.8,919.05,927.65,187122
2017-04-21,934.2,934.2,921.3,923.7,138039
2017-04-24,918.8,928,913,926.05,197282
2017-04-25,929.8,933,920.5,929,161916
2017-04-26,933,934.7,910.4,914.05,265820
2017-04-27,920,926.45,916,923.95,126616
2017-04-28,925.05,926.5,916.9,919.4,103697
2017-05-02,924.8,925.75,915.65,921,77745
2017-05-03,924.3,938.8,918.2,935.65,224150
2017-05-04,935,939.2,929.15,936.3,106046
2017-05-05,936,936.4,921.25,931.5,107553
2017-05-08,936,948.45,932.75,945.45,153766
2017-05-09,949.9,951,942.25,946.7,201313
2017-05-10,947,949.7,937.2,943.2,79941
2017-05-11,945,948.7,937.75,943.85,64857
2017-05-12,950,965.7,950,963.9,839329
2017-05-15,965,965.7,949.25,951.95,150370
2017-05-16,952,960.15,948,956.5,126571
2017-05-17,955,958.3,944.2,952.2,1393152
2017-05-18,949,973.85,944,961.7,662623
2017-05-19,956,962.75,947.8,957.9,123082
2017-05-22,957.8,966.5,956.55,959.75,242173
2017-05-23,963,966.75,953.85,957.4,713110
2017-05-24,957.15,965.3,950.4,953.55,142072
2017-05-25,959.9,984.9,959.9,981.9,207884
2017-05-26,980,1000,980,996.2,184059
2017-05-29,992.7,996.85,976,985.3,352552
2017-05-30,985.3,1000,979.85,996.45,91547
2017-05-31,991.15,992.15,975.1,976.95,103115
2017-06-01,969,979.55,959.35,970.95,103112
2017-06-02,970.95,975.1,965,969.45,306705
2017-06-05,969,969.75,958.25,960.2,220316
2017-06-06,965,986.85,965,979.45,667899
2017-06-07,982.05,988.7,945.5,961.5,458343
2017-06-08,961.1,964.7,949,956.3,609366
2017-06-09,940,952,923.05,948.65,1029192
2017-06-12,943,966.7,940,963.8,217456
2017-06-13,959.7,963,952.35,958.2,101873
2017-06-14,957,961.95,951.5,958.65,175692
2017-06-15,955,967,950,952.3,200610
2017-06-16,951.9,952.9,936,940.5,163456
2017-06-19,938.6,940.45,928,929.45,127026
2017-06-20,935,947,934.15,943.8,148289
2017-06-21,943.5,949,936.5,943.95,92550
2017-06-22,945,968.3,935.85,940.3,276952
2017-06-23,940,948.8,938.55,943.35,99496
2017-06-27,944.05,946.95,924,926.35,168701
2017-06-28,930.3,932.55,921.2,924.4,429702
2017-06-29,927,947.3,925.3,929.5,184966
2017-06-30,927.35,937.9,927,935.65,79652
2017-07-03,935,954,935,951.4,120175
2017-07-04,955,967.8,949.7,960.5,113219
2017-07-05,955.6,958.4,946.65,951.05,95171
2017-07-06,946,957,944.3,947.5,95135
2017-07-07,945,947,934.4,936,169922
2017-07-10,945,960.45,940,959.05,1107744
2017-07-11,955,988.9,955,975.8,273437
2017-07-12,976,980.55,969.55,973.8,139213
2017-07-13,973.95,983.35,965,976.3,324345
2017-07-14,1000,1006.65,968,972.05,685437
2017-07-17,973.25,991.2,973.25,985.35,170335
2017-07-18,984.9,1004.3,981.5,985.4,225616
2017-07-19,989,989.4,970,979.9,162990
2017-07-20,980,980,967.05,969,132110
2017-07-21,971,982.5,971,979.9,120030
2017-07-24,981.1,993.75,981.1,991.2,486862
2017-07-25,991,999,986.25,994.15,128162
2017-07-26,996,999,991.1,993.75,1200097
2017-07-27,994,1003.75,968,972.3,205819
2017-07-28,980,1002,963,997.85,447702
2017-07-31,997.85,1021,987.35,1011.3,312052
2017-08-01,1007,1016.95,998.45,1005,80143
2017-08-02,1005,1012,988.2,992.45,92537
2017-08-03,992.45,998.8,981,983.6,76846
2017-08-04,985.2,988.6,977.3,985.35,69895
2017-08-07,982,983.65,966,968.15,104979
2017-08-08,970,971.05,955.55,964.6,104566
2017-08-09,966.25,973.6,964.55,969.45,84569
2017-08-10,971.9,988,970,982.5,260085
2017-08-11,977,995.6,969.55,987.75,154195
2017-08-14,985.15,987.75,976.3,979.45,77805
2017-08-16,984,986.1,970,976.8,90238
2017-08-17,1010,1028.9,998,1021.15,532195
2017-08-18,1021.5,1021.5,884.4,923.1,8157426
2017-08-21,929,929,870,873.5,4476699
2017-08-22,892.5,897,861.5,877.15,1967963
2017-08-23,881.1,904,874.55,894.5,2121468
2017-08-24,907,918.8,902.35,912.5,1304177
2017-08-28,947,953.5,937.9,941.15,1421709
2017-08-29,943.4,943.4,926,927.55,603822
2017-08-30,935.1,939.55,924,926.65,404166
2017-08-31,928,932.7,912.7,915.3,994749
2017-09-01,915.2,926.2,910.25,920.1,298495
2017-09-04,921.25,921.75,893.6,901.3,587084
2017-09-05,903.35,904.5,897.25,901.1,347416
2017-09-06,899,900,890.25,895.7,439334
2017-09-07,898,900.85,892.55,895.55,280332
2017-09-08,896.1,898,882.25,884.4,459029
2017-09-11,890,892.2,874,878.55,344077
2017-09-12,881,887.55,879.05,883.85,266997
2017-09-13,885,887.75,881,883.55,408963
2017-09-14,886.4,896.3,881.6,892.3,271803
2017-09-15,895,912.25,893,908.6,509060
2017-09-18,910,917.95,906.5,908.45,277488
2017-09-19,910.1,915.4,903.65,911.3,174702
2017-09-20,915.3,916,907.55,912,122248
2017-09-21,912.5,915.25,908.45,909.55,139591
2017-09-22,908.2,909.9,888.4,898.05,204387
2017-09-25,901,902.15,890,896.65,155594
2017-09-26,896,908.05,894.5,906.45,522249
2017-09-27,905,907.95,895.1,898.65,135494
2017-09-28,898,903.95,893.05,895.7,111402
2017-09-29,900,902.25,895.1,898.75,241991
2017-10-03,908,911.65,902,903.95,106117
2017-10-04,903.95,904.95,897.45,899.8,99568
2017-10-05,899,905.2,898.7,903.1,118312
2017-10-06,906.6,920.6,903.05,919.45,203064
2017-10-09,922,928.6,914.3,923.65,120446
2017-10-10,940,945.85,929.1,935.6,260520
2017-10-11,936,937.7,928.15,930.6,171872
2017-10-12,930,934.65,920,927.15,335844
2017-10-13,930.05,934,927.6,931.9,1228079
2017-10-16,935,942,933.5,939.3,220106
2017-10-17,935,937.4,930.25,931.45,192483
2017-10-18,929,930,923.25,924.45,185791
2017-10-19,930,933.35,925.85,927.1,100767
2017-10-23,928.2,942.8,928.2,939.65,263458
2017-10-24,945,947.5,924,926.75,445725
2017-10-25,920,944.15,915.25,935.4,416050
2017-10-26,940.15,950.35,940.15,947.5,527292
2017-10-27,955,957.05,945,947.45,399399
2017-10-30,954,955,941,944.65,514296
2017-10-31,923.4,930.35,920,921.65,212404
2017-11-01,924,928.95,922,926.25,117668
2017-11-02,924,926.55,919.8,922.9,108104
2017-11-03,922.7,929.4,918,926.65,74840
2017-11-06,925,934.85,922.35,928.6,122239
2017-11-07,928.5,959.8,927,955.7,415729
2017-11-08,958.25,961.5,947.3,951.95,158558
2017-11-09,958.5,962,949.15,954.6,144503
2017-11-10,954.6,962.75,950.2,960.6,97430
2017-11-13,960.6,968.9,949.1,951.8,1275844
2017-11-14,950,954.4,944,949.45,74616
2017-11-15,947,953.45,945,951.95,84411
2017-11-16,951.15,995.45,948.85,988.6,645791
2017-11-17,989.8,989.8,963,970.95,297180
2017-11-20,969.7,970,957.35,961.35,145571
2017-11-21,961.35,971.55,959.65,966.4,101994
2017-11-22,965,970.85,962.5,966.3,81870
2017-11-23,970,994.35,969.85,991.4,311986
2017-11-24,989.1,1019.2,989.1,1009.95,491269
2017-11-27,1000,1005,994,997.5,172456
2017-11-28,996.9,1000.15,981.5,984.5,153072
2017-11-29,989,992,981.5,983.3,63584
2017-11-30,989,989.8,967.35,974.95,128491
2017-12-01,977.5,983,956.45,958.5,143520
2017-12-04,983,996.95,969.65,985.3,405001
2017-12-05,986,1002.6,979.3,984.4,309135
2017-12-06,984.4,994,970,990.4,142237
2017-12-07,987.5,1002.15,982.4,1000.1,219237
2017-12-08,1000.1,1006.85,996.05,1001.55,195292
2017-12-11,997,1005,995,1003.5,94057
2017-12-12,1003,1014,1000,1011.1,161161
2017-12-13,1012,1018,999,1003.45,141274
2017-12-14,1005.25,1016,1000.05,1012.45,123907
2017-12-15,1015,1026,1011,1023.45,188338
2017-12-18,1015,1029.85,1005.6,1015.35,166471
2017-12-19,1015.35,1017.5,1000,1004.8,1739637
2017-12-20,1004.8,1015,1001.95,1013.3,108144
2017-12-21,1013.3,1028,998.05,1021.55,302386
2017-12-22,1019.4,1044.2,1016.2,1038.4,312947
2017-12-26,1029.8,1040,1023.1,1034.35,1024914
2017-12-27,1029,1038.85,1025.1,1034.05,201241
2017-12-28,1031.9,1039.9,1026.1,1034,168919
2017-12-29,1030,1046.1,1030,1039.3,183883
2018-01-01,1040,1043.65,1031.8,1034.55,109339
2018-01-02,1037.2,1043.4,1022.95,1029.5,180620
2018-01-03,1035,1035,1018,1019.1,158934
2018-01-04,1022,1022,1009.6,1015.3,319784
2018-01-05,1015.3,1026,1006.25,1012.1,281139
2018-01-08,1015,1038.8,1015,1035.65,153944
2018-01-09,1040,1044.5,1029.25,1041.3,262081
2018-01-10,1049.9,1055.55,1034.6,1051.6,704303
2018-01-11,1053,1083.3,1053,1075.6,1315369
2018-01-12,1089,1089,1069.55,1078.4,284821
2018-01-15,1078.5,1092.05,1065.5,1080.4,222748
2018-01-16,1080,1134.4,1080,1122.9,685309
2018-01-17,1118,1160,1118,1152.25,814814
2018-01-18,1149,1164.45,1132.35,1152.75,330817
2018-01-19,1148.9,1148.9,1136,1143.25,179258
2018-01-22,1141.7,1155,1130.1,1150.3,295157
2018-01-23,1151.2,1187,1151.2,1175.2,1032768
2018-01-24,1177.8,1220,1167,1185.15,531006
2018-01-25,1184.4,1191.5,1160.8,1170.8,522853
2018-01-29,1165,1196.2,1165,1181.5,219303
2018-01-30,1180.5,1183.05,1161.8,1169.7,690377
2018-01-31,1160,1166,1143.05,1150.65,182426
2018-02-01,1150,1158,1120,1144.5,672082
2018-02-02,1140,1162.45,1130.05,1141.7,461545
2018-02-05,1138,1155,1135,1138.3,262998
2018-02-06,1109,1127.9,1098.7,1108.45,218587
2018-02-07,1112.1,1125,1103.9,1108.75,234793
2018-02-08,1120.3,1145,1117.05,1134.55,216336
2018-02-09,1124.9,1124.9,1107.2,1111.8,135912
2018-02-12,1112,1120,1098.75,1103.8,362750
2018-02-14,1104,1117.4,1091.7,1098.05,192208
2018-02-15,1100.1,1129.7,1100.1,1114.15,282999
2018-02-16,1121,1140,1116.05,1124.85,563385
2018-02-19,1125.2,1135,1120,1130,270582
2018-02-20,1132,1147.9,1121,1134.7,122989
2018-02-21,1146,1151.65,1140.4,1148.7,145098
2018-02-22,1148.9,1164,1140.1,1160.5,143323
2018-02-23,1165,1166,1147.2,1155.65,121632
2018-02-26,1157,1157,1136.15,1141.05,108917
2018-02-27,1142.1,1152.8,1125.85,1148.3,347461
2018-02-28,1148.05,1189.2,1142.35,1174.25,400910
2018-03-01,1173.45,1173.45,1156.4,1160.25,90150
2018-03-05,1160,1170.1,1144.05,1153.1,764295
2018-03-06,1167.25,1167.25,1129.85,1146.85,117362
2018-03-07,1151.3,1160,1138.2,1142.8,151702
2018-03-08,1144,1165,1144,1156.7,207644
2018-03-09,1160.2,1166,1156.5,1163.4,107817
2018-03-12,1170.3,1191.85,1170.3,1185.85,373881
2018-03-13,1176.2,1195.5,1175,1180.55,89198
2018-03-14,1179,1189,1169.45,1180.2,64893
2018-03-15,1180,1187.9,1172.25,1182.15,459416
2018-03-16,1184.8,1185,1169,1172.5,55362
2018-03-19,1164.7,1180,1143.8,1147.15,277264
2018-03-20,1147.15,1170,1147.15,1162.1,692539
2018-03-21,1163.1,1176.6,1163.1,1168.6,88405
2018-03-22,1166.9,1176.05,1153.6,1158.8,251295
2018-03-23,1145,1173.7,1140,1167.45,341510
2018-03-26,1167,1167,1143.9,1154.3,196300
2018-03-27,1145,1170,1145,1152.8,109970
2018-03-28,1153,1153,1129,1134.4,95733
2018-04-02,1135.5,1148.95,1122,1137.5,72812
2018-04-03,1136.8,1145,1129.6,1140.05,55686
2018-04-04,1140.5,1145,1120,1124.55,174290
2018-04-05,1134.05,1150.4,1129.95,1145,57310
2018-04-06,1140,1145.7,1123.65,1129.3,88857
2018-04-09,1129.9,1129.9,1106.8,1110.95,167351
2018-04-10,1127,1127,1105.55,1114.15,221698
2018-04-11,1118,1131.75,1117.7,1123.9,340196
2018-04-12,1132.9,1172,1128.3,1162.25,282880
2018-04-13,1174.5,1184,1150.2,1169,294809
2018-04-16,1099.3,1140,1099,1132.8,531561
2018-04-17,1131.95,1131.95,1115.35,1125,157534
2018-04-18,1124,1134,1113.7,1125.45,158222
2018-04-19,1124,1139,1124,1132.7,119682
2018-04-20,1138.5,1191.8,1134.9,1178.25,562279
2018-04-23,1166,1212.4,1155,1183.35,518622
2018-04-24,1185,1196,1150,1153.9,171251
2018-04-25,1154,1171.3,1145.2,1160.9,243147
2018-04-26,1165,1182,1160,1175.65,148546
2018-04-27,1180,1191.7,1175,1185.15,143721
2018-04-30,1188,1207.95,1185,1199.4,128818
2018-05-02,1200,1204,1180.4,1197.8,261839
2018-05-03,1198,1204.65,1175,1181.85,88988
2018-05-04,1190,1196,1156.8,1172.9,106963
2018-05-07,1177.1,1190.2,1176.8,1183.35,92096
2018-05-08,1176.55,1180,1162,1165.35,193127
2018-05-09,1170,1176.45,1163.3,1171.25,124117
2018-05-10,1165,1183,1163.1,1167.55,78304
2018-05-11,1170.5,1189,1166.35,1181,61494
2018-05-14,1175,1194.7,1170.05,1189.6,58761
2018-05-15,1189.3,1207.75,1186.8,1192.55,204419
2018-05-16,1192.55,1197.5,1185,1190.05,109600
2018-05-17,1198.9,1198.9,1175,1184.95,69002
2018-05-18,1186,1187.55,1173.05,1183.75,52731
2018-05-21,1180,1188,1170.3,1182.6,83855
2018-05-22,1175.6,1197.95,1174.55,1193.55,97019
2018-05-23,1196.8,1206.7,1180.9,1185.25,104464
2018-05-24,1192.45,1227.6,1192.45,1221.85,254783
2018-05-25,1223,1248,1221.35,1228.8,205711
2018-05-28,1228.3,1232.95,1206.1,1214.5,190203
2018-05-29,1220,1225.55,1207,1216.65,58709
2018-05-30,1216.7,1229,1207,1214.1,376108
2018-05-31,1217,1240,1210.45,1231.9,105319
2018-06-01,1231.9,1245.15,1217.9,1220.25,132782
2018-06-04,1220,1243.35,1212.75,1239.6,88790
2018-06-05,1225.1,1241,1217,1221.2,45830
2018-06-06,1221.2,1240.6,1220.1,1235.6,67578
2018-06-07,1238,1257,1237,1250.8,157001
2018-06-08,1249.9,1262.45,1245.15,1259.75,415785
2018-06-11,1259.75,1270,1256,1263.05,68721
2018-06-12,1265,1270.85,1250.9,1258.4,109216
2018-06-13,1265,1284,1261,1276.1,112907
2018-06-14,1259,1259,1234.05,1238.7,149758
2018-06-15,1238.7,1290,1237,1280.45,194266
2018-06-18,1285,1290.5,1262.3,1266.5,90832
2018-06-19,1266,1266,1236,1244.05,104975
2018-06-20,1245,1252.45,1239.1,1243.35,55126
2018-06-21,1250,1255.8,1237.45,1246.35,50694
2018-06-22,1245.5,1254,1241.8,1246.45,39355
2018-06-25,1250,1278.95,1250,1272.3,145403
2018-06-26,1269.9,1283.8,1260,1277.85,76989
2018-06-27,1281.15,1293.9,1264.3,1269.2,100585
2018-06-28,1269.2,1298.2,1269.2,1288.85,98334
2018-06-29,1295.2,1313.45,1284,1306.75,118623
2018-07-02,1313.9,1341.8,1313.9,1334.45,120951
2018-07-03,1340,1358,1333.3,1353.65,137330
2018-07-04,1353,1354.95,1339.7,1344.6,65988
2018-07-05,1349.8,1350,1268.85,1284.5,457269
2018-07-06,1280,1301.35,1269.5,1284.5,198957
2018-07-09,1292.55,1303,1279.5,1299.15,148420
2018-07-10,1305.2,1315.5,1295,1302.5,136779
2018-07-11,1310,1341.9,1293,1320.35,299143
2018-07-12,1324,1326.7,1284.6,1294.6,494965
2018-07-13,1310,1331.35,1300.15,1309.1,1105721
2018-07-16,1325,1384.4,1288.35,1333.05,959431
2018-07-17,1332.7,1348.8,1313.5,1327.4,266227
2018-07-18,1340,1343.2,1314.35,1322.4,184669
2018-07-19,1322.4,1330.3,1310.85,1316.55,116146
2018-07-20,1321.05,1367.05,1321.05,1348.35,816448
2018-07-23,1350.1,1368.05,1336.7,1355.75,130280
2018-07-24,1362,1379.8,1356.5,1376,113488
2018-07-25,1380,1392.1,1366.1,1383.7,192554
2018-07-26,1380,1389.7,1369,1375.2,894575
2018-07-27,1380,1388.3,1370,1374.55,1266384
2018-07-30,1385,1385,1350,1353.15,1592102
2018-07-31,1350,1370.05,1335,1365,2863072
2018-08-01,1365.85,1368,1351,1353.75,1176161
2018-08-02,1355.1,1366.45,1351.1,1355.4,69616
2018-08-03,1360,1366.4,1356.4,1364.1,1581820
2018-08-06,1365,1375.8,1348.05,1360.8,109802
2018-08-07,1367,1377.55,1361.85,1369.4,142725
2018-08-08,1368.1,1374.15,1354.3,1362.9,63645
2018-08-09,1366.05,1389.8,1366.05,1380.3,158379
2018-08-10,1382.3,1388.9,1373.55,1385.2,61473
2018-08-13,1385,1411,1379.8,1409.45,281218
2018-08-14,1410.35,1424,1403.4,1408.75,121305
2018-08-16,1411.25,1434.7,1411.25,1425.3,127148
2018-08-17,1432.85,1436.65,1423.45,1431.35,90661
2018-08-20,1388.7,1408,1373.55,1385.2,519336
2018-08-21,1386.1,1394,1374.25,1384.3,250832
2018-08-23,1388.3,1402.65,1386.35,1399.2,102744
2018-08-24,1392.55,1403,1376,1379.95,561628
2018-08-27,1383.35,1418.9,1383.35,1414.9,135904
2018-08-28,1416,1438.5,1412.3,1424.35,160074
2018-08-29,1435,1435.7,1406,1410.35,218669
2018-08-30,1411,1423,1397,1417.5,245211
2018-08-31,1422,1453,1422,1440,2123233
2018-09-03,1458,1467,1430,1433.45,628171
2018-09-04,723.7,748.35,717,735.65,832961
2018-09-05,741.75,748.45,726.35,729.8,625030
2018-09-06,734.5,735,725,727.95,246579
2018-09-07,733.05,737,724.75,733.15,353724
2018-09-10,737,746.5,729.65,731.95,312641
2018-09-11,734.3,744.15,732.55,734.25,465074
2018-09-12,743,745.75,736.25,742.7,285153
2018-09-14,742.5,744,730.15,735.2,374118
2018-09-17,736.4,740,725.1,726.55,292264
2018-09-18,732,732,716.8,719.15,202211
2018-09-19,725,727.4,714.95,720.4,151490
2018-09-21,719,719,692,706.3,773924
2018-09-24,709,729.95,705.5,717.3,749018
2018-09-25,720,735.8,717.35,726.5,359507
2018-09-26,738,738,712.4,717.8,282597
2018-09-27,719.5,730.65,718.05,724.15,804565
2018-09-28,720,734,715.8,727.85,506489
2018-10-01,735.1,754.95,733.4,744.45,3761334
2018-10-03,744.7,751.95,726.55,727.85,292087
2018-10-04,728,729,702.9,706.35,403889
2018-10-05,711,731.25,709,721.85,399124
2018-10-08,725.05,728.5,710.35,714.5,228274
2018-10-09,716,726,703.1,717.35,437278
2018-10-10,718.15,720,695.4,700.3,1078764
2018-10-11,689.9,691.75,665.25,675,680373
2018-10-12,677,690,662.6,679.05,422848
2018-10-15,690,705.8,681.65,699.1,443802
2018-10-16,709,713.75,688.1,696.4,774209
2018-10-17,707,721,701.25,704.5,1145997
2018-10-19,689.8,689.8,678.5,682.6,821154
2018-10-22,691,705,674.1,678.25,462086
2018-10-23,679,681.65,654.65,657.85,533828
2018-10-24,663.05,666.45,647.9,650.15,1825795
2018-10-25,643,655.75,636.05,649.3,373386
2018-10-26,645.1,649.85,630,633.5,397563
2018-10-29,633,650,631.7,643.8,478683
2018-10-30,640,663,638,659.75,415852
2018-10-31,665,693.15,662.05,686.25,582754
2018-11-01,693.9,693.9,660.1,666.35,349193
