2013-01-01,314.65,318,314.5,316.4,819557
2013-01-02,318,320.85,316.2,317.95,992454
2013-01-03,320,321.65,316.8,317.8,785580
2013-01-04,318.05,318.05,313.1,315.3,1051506
2013-01-07,316.7,318.55,312.55,313.15,607134
2013-01-08,313.2,316.3,313,314.15,1212771
2013-01-09,318,329.9,318,326.65,2435196
2013-01-10,331.05,337.05,331,333.4,2030176
2013-01-11,335.1,336,327.15,330.15,1057205
2013-01-14,330.55,332.9,327,328,1538732
2013-01-15,330.4,333.6,328,330.75,1481880
2013-01-16,329.5,329.9,318.75,320.05,1119357
2013-01-17,323.1,331,323.1,328.6,1322281
2013-01-18,330.6,332.2,326.15,328.1,1066745
2013-01-21,329.8,331,322.2,323,494031
2013-01-22,324.4,324.95,315.4,318.3,695841
2013-01-23,317,318.65,310.15,312,1183718
2013-01-24,286.95,296.15,282.05,293.55,3261952
2013-01-25,293.6,303.5,293.6,301.05,979112
2013-01-28,301.8,310.1,301,308.55,1001879
2013-01-29,306,315.8,302.45,303.65,958469
2013-01-30,303.4,304.15,297.25,299,788250
2013-01-31,297.1,299.8,295,298,564841
2013-02-01,298,300.45,270.15,285,1612482
2013-02-04,293,296.8,289.45,291.85,1261720
2013-02-05,288.1,291.35,284.8,287.05,767959
2013-02-06,288.2,290.3,284.1,286.15,739513
2013-02-07,285,290.75,285,288.7,668607
2013-02-08,291.3,295.1,284.4,285.55,1291135
2013-02-11,289.7,292.25,288.5,290.6,713638
2013-02-12,292.5,299.85,291.5,298.3,1047660
2013-02-13,309,312,303,304.6,1242702
2013-02-14,303.55,305.95,294.6,296.7,643648
2013-02-15,288.15,305.5,288,304.05,1622226
2013-02-18,306.25,307.5,301.7,305,1011298
2013-02-19,305,308,303.3,306.9,467880
2013-02-20,308.5,309.1,301.55,303.95,714694
2013-02-21,300,301.7,295.4,297.75,687358
2013-02-22,295,296.5,290.05,293,709959
2013-02-25,296.6,301,295.1,299.05,629176
2013-02-26,294.9,296.05,285.6,289.2,827002
2013-02-27,290.9,291.55,281.55,286,660021
2013-02-28,292.5,293.4,280.9,287.4,1136323
2013-03-01,288,293.1,281.9,288.65,683063
2013-03-04,288.2,292.25,285.4,289.8,638994
2013-03-05,290,302.1,290,300.6,1074269
2013-03-06,303,311,302.85,309.25,923909
2013-03-07,307.45,307.5,302.65,305.95,1211990
2013-03-08,306.3,308.15,300.6,303.75,698739
2013-03-11,304.9,306.8,300.25,301.4,615128
2013-03-12,305,308.05,301.6,304.3,1025434
2013-03-13,305.6,306,297.35,300.8,1369948
2013-03-14,298.5,302.8,293,300.95,1428894
2013-03-15,301.9,302,290,291.1,997167
2013-03-18,290,290,285,286.6,812808
2013-03-19,287.5,289.9,278.25,281.55,896206
2013-03-20,281.5,286.95,276.7,285.8,827895
2013-03-21,284.6,284.6,269.8,273.75,1743675
2013-03-22,273.1,278,265.15,270.4,1499881
2013-03-25,274,276,268.35,270.6,503003
2013-03-26,271.25,277.3,266.5,275.25,1028324
2013-03-28,273,274,266.1,269.3,435138
2013-04-01,268.9,268.9,262.1,265.5,566571
2013-04-02,262.85,268.75,258.95,266.8,1059194
2013-04-03,267,269,256.1,257.6,907251
2013-04-04,256,263.15,254.7,257.8,1127578
2013-04-05,257,261.3,252.1,255.3,857198
2013-04-08,257.25,260.7,253.4,256.95,802115
2013-04-09,258.25,265.4,258.25,262.75,1619065
2013-04-10,264.5,268.7,257.85,267.65,946043
2013-04-11,277.5,281.15,275.6,278.15,1172821
2013-04-12,275,280.5,272,275.4,491807
2013-04-15,271,272.6,264.25,269.2,666740
2013-04-16,266,272.4,263.2,270.8,818364
2013-04-17,272,275,269,271.5,704423
2013-04-18,269,284,267.3,282.3,1260718
2013-04-22,283.1,287.45,280,285.3,745511
2013-04-23,284,284.45,277.2,281.4,402792
2013-04-25,284.1,295.15,284.1,293.25,687768
2013-04-26,293.5,298.1,290.25,296.25,605277
2013-04-29,294,298.7,292.3,296.05,336939
2013-04-30,296.85,300.9,291,299.45,572104
2013-05-02,296.1,300.6,291.5,296.45,651449
2013-05-03,292.1,294.35,284.15,285.3,704762
2013-05-06,285,292.9,283,291.05,874934
2013-05-07,291.3,300.65,291.3,298.55,731518
2013-05-08,300,305.55,299,300.7,730526
2013-05-09,300,303.7,295.2,299.8,522596
2013-05-10,299.05,309.5,299.05,308.55,874820
2013-05-11,308,308.3,306.3,307.7,44231
2013-05-13,307,309.8,296,297.65,474346
2013-05-14,298.9,303.9,295.5,300.5,838385
2013-05-15,302,311.8,302,308.4,1125535
2013-05-16,307.5,309.5,302.05,303.2,600564
2013-05-17,301,308.25,300.75,303.35,667345
2013-05-20,305,315.9,300.5,302.4,998983
2013-05-21,301.55,303.1,292.3,293.15,790115
2013-05-22,296.5,298,289.25,291.6,678054
2013-05-23,288,292.95,285.3,290.8,702335
2013-05-24,295,296.2,283.1,288.1,716775
2013-05-27,288,295.75,285.25,294.45,574949
2013-05-28,295.8,298.4,290.9,295.85,690011
2013-05-29,297,305,295.75,303.8,1326766
2013-05-30,315,319,310.85,316.9,1913452
2013-05-31,316.85,319.5,312.1,313.45,899491
2013-06-03,310,315.5,307.15,313.8,716600
2013-06-04,310.15,317.4,303,306.45,713085
2013-06-05,304.2,309.9,303.9,307.15,630456
2013-06-06,302.6,309.55,302.6,306.65,635005
2013-06-07,306.5,309.8,298.1,301.8,604471
2013-06-10,299.9,303.9,292.35,296.3,569646
2013-06-11,296.55,297.45,288.65,293.2,859557
2013-06-12,291.5,296.5,290,293.25,786751
2013-06-13,290.25,290.5,280.25,283,861930
2013-06-14,288,298.4,287.25,296.9,735676
2013-06-17,297.25,300.45,289.05,299.55,730850
2013-06-18,298.7,299.55,293.35,297.1,1621020
2013-06-19,295,296.15,290.6,291.75,518012
2013-06-20,288,292.3,283.6,288.3,2384700
2013-06-21,285.8,289.35,282.25,287.15,1121532
2013-06-24,284.35,287.5,280.55,283.65,732231
2013-06-25,283.2,284.6,272.45,281.7,1622380
2013-06-26,281,282.7,269.65,273.2,1419585
2013-06-27,274.6,276.3,263.1,269.5,1958505
2013-06-28,274,282.3,274,281.45,1077429
2013-07-01,280,291.2,277.15,289.65,660390
2013-07-02,287.5,288.45,282.1,286.45,789277
2013-07-03,282.9,289.3,278.1,284.3,1924778
2013-07-04,285,293.35,282.4,292.25,1234019
2013-07-05,296.25,298.2,293.45,296.2,1291324
2013-07-08,289.4,290.2,282.5,288.2,1072868
2013-07-09,288.5,290.45,284.8,289.15,742936
2013-07-10,288,288.6,280.85,284.15,1324710
2013-07-11,288,292.4,283.15,285.35,827103
2013-07-12,284.05,293.8,284.05,291.95,596438
2013-07-15,291.8,292,286.2,288.55,559042
2013-07-16,283,292.4,282,291.55,810486
2013-07-17,290.7,291.05,282.9,286.15,675844
2013-07-18,285,288.35,281.1,287.45,471530
2013-07-19,287.5,297.5,287.5,294.7,665203
2013-07-22,293,300.7,293,297.75,718977
2013-07-23,297.8,301.55,294.35,299.05,715013
2013-07-24,298,300.75,294.75,297.5,421560
2013-07-25,297.5,303.1,295.05,299.85,831024
2013-07-26,300,301.45,287.15,289.85,626080
2013-07-29,289.75,297,288.25,296.05,732410
2013-07-30,294.9,297.45,282.75,284.4,1149670
2013-07-31,283.95,292.65,278,290.55,725274
2013-08-01,292,293.7,284.4,289.15,696150
2013-08-02,289.15,292,282.6,290.45,685878
2013-08-05,290,304.2,279.1,284.6,1241713
2013-08-06,283.5,288.75,280.3,287.35,730210
2013-08-07,284,286.65,272.5,278.85,1908244
2013-08-08,284.6,292.9,275.5,278.7,1735371
2013-08-12,282,285.2,278.3,281,451169
2013-08-13,280,294.7,276.15,291.15,810130
2013-08-14,296.3,324.4,296.3,319.3,2379719
2013-08-16,317.1,323.1,311.15,313.4,1639527
2013-08-19,306.65,308.5,297.6,301.6,653955
2013-08-20,297,297.55,285.8,287.55,931788
2013-08-21,291.1,294.8,278.65,283.5,836100
2013-08-22,283.6,294.8,282,292.55,688798
2013-08-23,295,304.85,294.25,300.9,849120
2013-08-26,300.6,306,293.75,298.1,510792
2013-08-27,295.8,295.8,287.9,290.25,958075
2013-08-28,291,299.65,286.35,298.15,828722
2013-08-29,297,308.8,295.35,305.9,1021962
2013-08-30,308,308.2,293.9,298.7,520298
2013-09-02,296.6,301.65,292.15,299.6,849582
2013-09-03,299.65,311.2,295.5,297.25,1027082
2013-09-04,301,313.65,301,311.25,1394776
2013-09-05,315,324,315,316.65,789079
2013-09-06,318,320,312.3,317.8,459345
2013-09-10,320.1,352,320.1,349.2,1963856
2013-09-11,350,350.55,336.2,340.5,1193011
2013-09-12,341.35,342.95,329.2,332.85,559949
2013-09-13,332,338.5,330.25,333.35,569624
2013-09-16,338.4,341,325,330.95,663050
2013-09-17,327.6,337.7,327.6,335.05,723751
2013-09-18,342,342,333.35,336.85,768575
2013-09-19,343,351.5,341.55,348.6,1397239
2013-09-20,345.25,354.9,333,338.7,872362
2013-09-23,337.05,341.45,331.3,333.85,2047522
2013-09-24,333.65,342.05,333.5,336.4,1156275
2013-09-25,338.5,347,338.5,342.8,1562890
2013-09-26,342.65,347.3,341.1,343.25,842222
2013-09-27,342.25,346.1,338.1,339.85,1128737
2013-09-30,336,339.55,330.6,332.35,254940
2013-10-01,332,339.75,330.25,335.5,743879
2013-10-03,335.15,347.25,333.1,344.8,950568
2013-10-04,344.9,364.7,344.1,349.75,2259550
2013-10-07,349,352.8,343.6,347.95,746731
2013-10-08,351.15,359.3,350,350.65,1107410
2013-10-09,350.1,356,349.1,354.05,1571383
2013-10-10,353.2,373.8,352,371.75,1634311
2013-10-11,375,389.5,368.4,385.15,1985741
2013-10-14,385.35,393,385.15,390.85,985413
2013-10-15,391,393,382.4,389.1,830956
2013-10-17,386,386.65,370.25,373.4,819779
2013-10-18,376,381.8,374.65,378.7,753735
2013-10-21,379.1,391.1,378.55,379.95,1179086
2013-10-22,379.35,385,376.05,379.95,675083
2013-10-23,381,381.95,368.2,374.6,759101
2013-10-24,377,384.7,374.3,379.4,693832
2013-10-25,379,379.4,372.8,376.05,428117
2013-10-28,376.5,381.75,373.4,377.6,444338
2013-10-29,377.1,384.2,374.9,381.8,891310
2013-10-30,382,384.2,377.15,379.5,642981
2013-10-31,379,386.4,378.6,380.2,1557387
2013-11-01,382.5,389.85,382.5,384.45,697784
2013-11-03,385.5,392.7,385.5,391.15,275121
2013-11-05,387.9,400.55,387,395.15,1260763
2013-11-06,398.9,400.7,390.1,390.9,744991
2013-11-07,389,394.8,377.3,380.1,816209
2013-11-08,380.6,390.95,370,385,3217287
2013-11-11,382,385.9,375,377.15,1675829
2013-11-12,379,379,358,360.05,871609
2013-11-13,361.55,369.3,361.55,365.75,466508
2013-11-14,370.1,387.5,370.1,385.95,2577500
2013-11-18,387,393.6,382,392.3,1159563
2013-11-19,394,395.7,387.1,390.75,525034
2013-11-20,389,392.45,384,385.75,355808
2013-11-21,383.9,386.2,381.3,382.55,387077
2013-11-22,385,385.95,371.15,373.25,665947
2013-11-25,376,386.2,376,385.5,548883
2013-11-26,387.7,391.4,378.85,390.25,665665
2013-11-27,392,399.9,392,399.25,822829
2013-11-28,402.5,405,394.75,398,661960
2013-11-29,398,401.5,395.1,398.6,694785
2013-12-02,397.5,403.6,396.1,399.85,1408520
2013-12-03,402,403.5,395.2,399.3,1430327
2013-12-04,399.6,400.5,390.5,393,512910
2013-12-05,400.1,401.4,388.4,390.3,529467
2013-12-06,387.7,394.5,386,391,1016023
2013-12-09,400,402,387.15,392.75,1631734
2013-12-10,394.8,396.25,388,390.5,682924
2013-12-11,385,386,376.15,377.8,986913
2013-12-12,374.6,377,359.35,360.6,1620355
2013-12-13,363,371.55,363,370.25,1103034
2013-12-16,370,371,366,367.8,325535
2013-12-17,371.6,374.7,365,366.7,373383
2013-12-18,365.3,370.95,362.7,368.7,483456
2013-12-19,371.25,372.7,364.2,369,463899
2013-12-20,368,375.9,365.05,373.05,927581
2013-12-23,372.5,378.1,372.5,374.95,215919
2013-12-24,374.5,375.7,371.55,372.6,250311
2013-12-26,371.5,376.6,368.05,370.2,362935
2013-12-27,368.1,374.25,368.1,371.15,298679
2013-12-30,371.45,377.8,371.45,374.55,319053
2013-12-31,374.9,378.05,374.9,376.4,439311
2014-01-01,378.1,378.7,374,374.9,178045
2014-01-02,375.05,376,369,371.95,370270
2014-01-03,368,368,360.05,362.7,595689
2014-01-06,366.5,370,364.2,366.85,580804
2014-01-07,367,370,363.85,365.3,269371
2014-01-08,367,371.75,363,370.25,397089
2014-01-09,371,372.9,365.05,368.15,213460
2014-01-10,366.9,370.6,366.1,368.15,966440
2014-01-13,374,379.25,370.5,376.05,1304762
2014-01-14,374.8,375.05,368.4,371.8,219515
2014-01-15,374,377.75,372.9,376.75,420566
2014-01-16,379.3,379.5,366.95,369.75,415708
2014-01-17,370.5,373.85,367,369.65,734673
2014-01-20,370.6,376.55,370,374.6,335142
2014-01-21,373.5,387.4,372.3,384.65,859338
2014-01-22,381.6,387.2,380.15,385.3,431294
2014-01-23,385,389,380.35,383,402982
2014-01-24,380,382,369.25,370.5,309970
2014-01-27,365.8,365.8,345.45,347.8,763387
2014-01-28,344,359.25,344,356.25,385568
2014-01-29,359.85,362.45,350.45,351.85,347632
2014-01-30,349.6,366.65,349,361.2,539206
2014-01-31,360.8,360.8,347.1,349.85,637669
2014-02-03,348,349.9,335.6,336.6,549322
2014-02-04,331.05,346.9,331.05,345.9,1027869
2014-02-05,342.5,358.5,339.5,355.8,1034560
2014-02-06,353.95,360,349.2,357.65,1312524
2014-02-07,359,363.15,356.25,360.9,417310
2014-02-10,365,367.25,360,364,734358
2014-02-11,381.25,382.45,370.95,374.3,1568786
2014-02-12,375.5,382.9,374.6,376.05,1305142
2014-02-13,379.9,383.4,374.7,375.95,761620
2014-02-14,379.05,389,379.05,388.15,793263
2014-02-17,390.25,395.45,384.25,386.35,794424
2014-02-18,387.65,394.4,385.45,391.45,506713
2014-02-19,391.35,392.7,387.6,391.45,282682
2014-02-20,391,395,389,391.2,576599
2014-02-21,395,397.6,393,395.95,645736
2014-02-24,396.15,400.55,394.05,396.6,448725
2014-02-25,399.3,399.75,393.4,398.6,311480
2014-02-26,398,402.5,396.1,400.45,407022
2014-02-28,410,418,404.7,417.05,1265906
2014-03-03,413.6,414,408.2,410.65,511741
2014-03-04,411.45,420.3,406,412.9,451463
2014-03-05,415,416.25,407.5,409.8,304227
2014-03-06,411,412,404.5,407.95,461637
2014-03-07,407.8,415.75,405.7,409,570425
2014-03-10,403.75,406.75,393.6,395.9,683444
2014-03-11,392.1,404.5,392.1,398.1,649114
2014-03-12,397.5,397.6,388,388.75,381076
2014-03-13,393,396.55,385.1,388,448540
2014-03-14,384,394.5,383,393.3,324255
2014-03-18,393,397.3,380.4,381.4,538090
2014-03-19,385,387.55,379.65,384.55,574121
2014-03-20,383.7,385,379.15,380.1,280660
2014-03-21,381.85,390,381.85,389.15,357375
2014-03-22,389.55,390,387.45,388.85,28923
2014-03-24,392,394.45,389.35,391.1,309280
2014-03-25,394,394,387,390.7,341316
2014-03-26,393.95,402.8,393.95,401.25,495534
2014-03-27,402.35,404.9,394.15,396.85,352464
2014-03-28,400,403,395,396.45,360608
2014-03-31,400,404.25,396.9,398.35,292001
2014-04-01,403,405.55,399.7,403,534471
2014-04-02,406,414.3,405,413.55,987732
2014-04-03,415.05,417.85,406.9,411.25,365050
2014-04-04,413.65,413.65,404.5,405.1,383816
2014-04-07,404,423.6,400.2,403.25,413172
2014-04-09,405.95,423,405.95,421,387284
2014-04-10,422.05,435,422.05,430.8,595914
2014-04-11,430,437.7,422.1,423.25,568879
2014-04-15,424.35,428.75,409.7,412.35,298937
2014-04-16,412.65,418.8,409.6,411.2,353358
2014-04-17,414,430.25,414,428.65,753353
2014-04-21,425,434.5,424.4,431.95,344474
2014-04-22,431,434.6,426.45,429.05,358991
2014-04-23,431.4,433.4,422.5,425.45,256192
2014-04-25,422.25,430.5,422.25,423.8,236904
2014-04-28,423.8,423.85,415.1,416.5,236972
2014-04-29,417.05,419,408.1,409.15,220516
2014-04-30,412.75,418,404.8,414.45,323121
2014-05-02,416.2,419.95,411.25,414.7,240962
2014-05-05,410,415.75,409,414.25,238767
2014-05-06,415,421.65,414.5,418.3,214680
2014-05-07,419,421.45,415.4,416.5,178189
2014-05-08,417.55,424,417.55,422.15,161891
2014-05-09,424.25,429,419.4,427.5,313018
2014-05-12,426.5,446,426.5,445,907748
2014-05-13,448,455.55,438.6,440.8,489435
2014-05-14,440,445.8,434.15,442.4,269191
2014-05-15,445,448.75,437.1,439.3,357424
2014-05-16,440,464.2,440,449.8,1076935
2014-05-19,454.65,457.8,442.9,444.35,417408
2014-05-20,445.1,451.75,436.65,439.75,492729
2014-05-21,440.5,444.65,434.05,437.1,352060
2014-05-22,436,441,428.5,430.4,436186
2014-05-23,428.8,439.9,425.15,431.4,530932
2014-05-26,437,453.4,436,443.3,866198
2014-05-27,444,450.9,433.5,436.45,320238
2014-05-28,436.5,436.5,423.5,428.85,410916
2014-05-29,425,432.65,421.75,423.8,332885
2014-05-30,413.7,421.9,407.05,415.45,586552
2014-06-02,418,422.5,410.75,421.1,290578
2014-06-03,417,423.85,416.15,420.45,427547
2014-06-04,424.75,429.1,419.1,421.7,413502
2014-06-05,421.7,436,417,434.8,807499
2014-06-06,436,440,428.7,438.55,655457
2014-06-09,439.6,453,439.2,448.4,624834
2014-06-10,452.45,454.9,442.4,452.3,483495
2014-06-11,454,454,437.9,445.6,496653
2014-06-12,445.9,451.3,442.25,449.65,321089
2014-06-13,450,450.55,435.2,437.8,299152
2014-06-16,436,438,429,430.9,263158
2014-06-17,432,442.55,427.15,440.65,348796
2014-06-18,443.9,444.9,430.5,433.85,298402
2014-06-19,437.35,443.6,435,438.45,1525065
2014-06-20,442,442.2,433.5,436.85,277060
2014-06-23,436.7,442.45,431.75,435.55,234494
2014-06-24,434.4,445.5,434.4,442.15,345412
2014-06-25,441.7,448.6,439.05,443.4,321856
2014-06-26,445.4,448.7,436.25,437.95,260724
2014-06-27,437.7,440.45,430,432.25,256677
2014-06-30,434,435.95,429.1,431.15,186383
2014-07-01,432,453,432,450.95,608859
2014-07-02,450.15,458.3,445,455,648631
2014-07-03,456,471.8,456,468.8,351145
2014-07-04,469.35,474.2,466.2,468.45,330924
2014-07-07,473,479.95,472.2,478.75,398818
2014-07-08,480,484.05,465.5,468.4,459669
2014-07-09,469.4,469.9,453,456.9,284961
2014-07-10,460.25,474.8,450.2,452.85,444115
2014-07-11,454,461.3,444,445.5,291220
2014-07-14,445,459.7,442.5,456.25,265370
2014-07-15,457.9,465,456.6,463.05,500292
2014-07-16,465.25,471.65,462,470.35,333222
2014-07-17,466.8,476.95,465.05,474.9,396467
2014-07-18,472,477.45,466.25,475.2,383388
2014-07-21,477,478.5,470,474.35,307308
2014-07-22,475,487.45,472.4,485.4,350900
2014-07-23,486,488.05,476.5,483.8,360225
2014-07-24,484,487.1,477.25,485.6,204716
2014-07-25,486.7,486.7,456.2,461.9,525474
2014-07-28,459.4,470,451.1,453.15,341829
2014-07-30,458,458,442.25,451.35,318328
2014-07-31,452.8,454.7,445.05,446.9,258479
2014-08-01,445,455.05,437.55,439.5,1702832
2014-08-04,441,448,441,446.8,205630
2014-08-05,450.4,458.05,444.55,456.65,266729
2014-08-06,454.8,454.8,445.45,447.35,271700
2014-08-07,450,450,440.1,442.15,256448
2014-08-08,438,438.1,430.5,433,302740
2014-08-11,440.4,449.1,437.55,447.4,521360
2014-08-12,481.2,484,468.65,473.9,1440890
2014-08-13,475.1,479.7,466.5,472.65,545035
2014-08-14,473.25,485.7,473.25,484.6,592576
2014-08-18,488.25,505.7,488.25,503.9,815535
2014-08-19,507.9,520.5,505.45,518.75,869635
2014-08-20,519,521.85,509.25,511.65,491836
2014-08-21,515.2,518.1,506.4,512.6,355392
2014-08-22,514,520.7,510.5,511.5,291547
2014-08-25,515.9,517.9,505.3,508.3,256704
2014-08-26,499.95,515.45,497.2,512.9,459443
2014-08-27,517.9,524.45,516.7,521.6,480298
2014-08-28,523,531,523,524.4,396967
2014-09-01,526,529.45,517.1,519.85,377262
2014-09-02,518,520.5,512,516.4,258171
2014-09-03,526,530.5,521.35,522.65,459373
2014-09-04,522.65,522.65,509,512.85,333261
2014-09-05,513,516.5,503.1,506.35,594654
2014-09-08,510,512,503,510.5,594392
2014-09-09,512,518.15,507.9,517.25,444167
2014-09-10,514.9,520.35,512.5,516.3,325436
2014-09-11,518.1,519.95,510.9,514.1,341423
2014-09-12,514.5,519.2,514,516.5,247561
2014-09-15,514,515.5,510.25,512.25,156482
2014-09-16,510,510,495,499.6,921286
2014-09-17,502,509,491.05,506.85,309529
2014-09-18,508,527.5,500.95,525.6,513102
2014-09-19,526,528.95,516.25,519,326616
2014-09-22,514,542,514,539.4,622132
2014-09-23,544,544.5,516.3,517.8,772075
2014-09-24,519,519,506.25,512.95,375771
2014-09-25,515,515,500.2,503.55,207154
2014-09-26,501,513,492.75,511.45,446481
2014-09-29,510.8,515.4,508,510.75,232987
2014-09-30,511.5,514.4,501.25,502.75,281728
2014-10-01,502.65,507.7,499.3,502.75,202385
2014-10-07,501.25,516.8,501,504.9,390481
2014-10-08,506,512.55,502.1,510,228178
2014-10-09,516,522,513.5,519.95,200083
2014-10-10,515,515,489.8,492.35,640831
2014-10-13,490,498.3,480.35,496.35,439124
2014-10-14,500,501,486.1,488.2,357326
2014-10-16,486.8,500.5,481.5,483.8,345616
2014-10-17,485.1,485.1,468.15,475.75,487488
2014-10-20,486,497,484.45,494.5,381953
2014-10-21,497.9,503.8,493.75,501.7,369591
2014-10-22,508.1,520.5,508.1,519.45,395148
2014-10-23,519,521,515,516.95,78731
2014-10-27,517.1,518.5,502.1,503.65,199566
2014-10-28,506,511.4,504,508.6,189339
2014-10-29,514.55,526.9,514.55,525.95,328016
2014-10-30,521.5,529.9,520.5,526.4,281044
2014-10-31,526.35,537,521.05,535.65,447578
2014-11-03,532,536,526.55,531.15,274218
2014-11-05,530.7,538.4,521.35,534.75,601625
2014-11-07,530,544.2,530,533.75,255848
2014-11-10,533.9,534.8,519,521.7,406292
2014-11-11,522,527.85,516.8,521.7,362656
2014-11-12,522,536.5,522,530.6,308984
2014-11-13,532.25,535.8,523.85,526.25,308315
2014-11-14,530,536.45,519.9,523.8,386248
2014-11-17,518.8,547.35,518.8,545.1,885760
2014-11-18,548.95,550.8,540.5,541.3,502503
2014-11-19,542,544.95,522.55,528.9,394783
2014-11-20,533.7,533.7,520.35,524.65,472596
2014-11-21,528,539,527.5,530.45,519102
2014-11-24,530.65,538.25,525,526.6,623982
2014-11-25,528,529,513.35,520.75,495541
2014-11-26,521,524.8,515.3,519.75,358216
2014-11-27,514.9,522.45,511.5,518.55,595683
2014-11-28,524,538,521.75,532.95,3075549
2014-12-01,538.5,540,530.6,536.15,324160
2014-12-02,537,537,528.35,529,358406
2014-12-03,536.4,538.6,526.5,528.5,369066
2014-12-04,532,537.05,522,527.9,365713
2014-12-05,526,530.75,522.75,524.8,194868
2014-12-08,524.6,530.45,513.7,515.8,279542
2014-12-09,515,520.75,501.25,503.1,477660
2014-12-10,498,514.75,493,510.8,425516
2014-12-11,509.5,512.5,498.2,504,433246
2014-12-12,500.25,507.7,495.5,500,341248
2014-12-15,496,501.85,492.35,493.8,239414
2014-12-16,491,491.4,478.6,481.85,331242
2014-12-17,480,485.9,469,475.8,662599
2014-12-18,480.5,489.95,480.5,485.05,250190
2014-12-19,489,497.85,484,486,361289
2014-12-22,486.1,496.9,481.75,494.3,191066
2014-12-23,495,501.2,485.6,487.9,203041
2014-12-24,489,492.7,482.7,485.45,284745
2014-12-26,485.9,487.75,479.5,485.05,429757
2014-12-29,485.9,497.8,485,494.95,280290
2014-12-30,498.15,499.7,490.5,493.9,193928
2014-12-31,494.55,498.45,491.1,496.1,293229
2015-01-01,492.6,499.75,492.6,498.25,107485
2015-01-02,496.5,516.9,496.5,511.7,299490
2015-01-05,511.4,526,507.4,524.1,583670
2015-01-06,514.8,514.8,499,501.1,495466
2015-01-07,496.35,500.7,489.4,494,561630
2015-01-08,503.35,514.8,501.55,512.2,349366
2015-01-09,518.6,525,516,521.85,345099
2015-01-12,518,524.75,512.1,522.4,274107
2015-01-13,522.3,526,515.6,519.55,348572
2015-01-14,520.55,526.65,514.3,520.35,521222
2015-01-15,530,536,523.75,532.45,474617
2015-01-16,530,531.5,522.5,525.6,277994
2015-01-19,526,539.7,523.3,538.75,368560
2015-01-20,536.25,561.6,535.1,559.1,571137
2015-01-21,556,559.65,546.55,551.4,407831
2015-01-22,550.55,569,548.75,566.3,416660
2015-01-23,573.65,590.75,573.5,587.9,639606
2015-01-27,593.05,608.4,593.05,605.1,485638
2015-01-28,600,602.9,587.15,589.15,435737
2015-01-29,586.7,601,581,597.5,317098
2015-01-30,601.15,603.95,581.05,584.95,387769
2015-02-02,585,595.7,581.65,592.3,273366
2015-02-03,597,612.05,595.25,602.05,658975
2015-02-04,606,606.6,588.55,591.85,275786
2015-02-05,589,602.85,582.1,589.55,678930
2015-02-06,580,580,552.75,559.75,893964
2015-02-09,551,554.2,541.1,542.6,332707
2015-02-10,544,567.8,542.6,564.35,436699
2015-02-11,568,570.5,554,559.25,243487
2015-02-12,562,565.75,553,562.6,233909
2015-02-13,564.2,567.3,555.85,565.65,231930
2015-02-16,565.5,580.45,565.5,573.95,277527
2015-02-18,573.5,585.75,561,583.1,587563
2015-02-19,584,592.5,572.75,576.7,488756
2015-02-20,580,584.4,573,578.8,319519
2015-02-23,579.1,584.2,571,573.95,506232
2015-02-24,575,578,560.2,565.05,236781
2015-02-25,568.9,575.3,564.45,567.35,155091
2015-02-26,569.5,572.3,558.2,560.2,228854
2015-02-27,568,581,563.9,575.5,222785
2015-02-28,576.25,599.15,564.6,593.65,657330
2015-03-02,598,600.5,573.7,584.15,499629
2015-03-03,583.45,583.45,572.5,574.6,254656
2015-03-04,583.9,592,571,573.85,522186
2015-03-05,575.15,577.55,568.2,570.65,251119
2015-03-09,570,573,562.45,564.25,277802
2015-03-10,567.8,572.45,559,560.15,276678
2015-03-11,562,565,548.5,551.1,267907
2015-03-12,555,566.5,554.8,564.05,229643
2015-03-13,566,566.1,554.5,557.05,184485
2015-03-16,558.05,565.65,555.2,557.8,126316
2015-03-17,565,578.5,562.5,571.55,360478
2015-03-18,572,572,556.6,560.1,303118
2015-03-19,565,568.7,551,553.3,199095
2015-03-20,549.1,550,541,547.6,235677
2015-03-23,548.15,557.4,547.85,550.9,185040
2015-03-24,551,552.4,528.5,532.9,310787
2015-03-25,537,545.4,533.5,541.2,449052
2015-03-26,535,538.6,522.55,526.15,369037
2015-03-27,528.9,538,518.55,535.75,321322
2015-03-30,539,543,531.8,539.95,595371
2015-03-31,540.4,559.4,538,549.95,322938
2015-04-01,550,567,547.8,564.55,465374
2015-04-06,558,573.15,558,567.55,373212
2015-04-07,569,570.3,553.8,560.05,305955
2015-04-08,564,568.8,558.7,561.55,293469
2015-04-09,565,565,552.3,559.35,1518605
2015-04-10,558.65,568.8,555.55,561.85,196881
2015-04-13,562,563,552.6,555.9,239876
2015-04-15,552.8,553,538,540.3,840728
2015-04-16,543.6,550.8,534.45,540.4,356752
2015-04-17,541,544.45,533,535.2,219889
2015-04-20,543.9,543.9,521.5,533.25,326886
2015-04-21,535,537.9,523.4,527.1,222738
2015-04-22,528,528.75,510.85,523.3,391165
2015-04-23,524.65,527.6,508.4,511.6,363162
2015-04-24,513.1,519.6,508.75,515.3,531681
2015-04-27,519,522.65,513.75,517.3,217763
2015-04-28,518.2,534,518.2,529.85,280309
2015-04-29,527,527.35,517.1,519.95,381799
2015-04-30,517,520.6,506.95,508.45,411201
2015-05-04,513.4,516.15,498,506.7,383894
2015-05-05,510,515.65,506.15,509.9,287641
2015-05-06,510,510,496,497.65,382778
2015-05-07,494.95,502.45,482.6,488.2,341716
2015-05-08,497,515.5,497,513.5,430867
2015-05-11,522,530.95,517,529.65,324619
2015-05-12,526,526,511.25,513.75,663955
2015-05-13,515,525.4,506.6,519.55,444514
2015-05-14,524.9,524.9,510.7,516.4,374763
2015-05-15,518.1,524.35,517.4,519.45,1492573
2015-05-18,517.9,524.3,510.3,520.25,269494
2015-05-19,519,519,508.95,510.1,799292
2015-05-20,512.8,514,503.65,505.5,420167
2015-05-21,506.05,512.6,506,511.2,363348
2015-05-22,512,516.9,510.25,514.55,478088
2015-05-25,513.9,514.5,503.1,505.2,406186
2015-05-26,504.1,505.5,493.7,497.1,920176
2015-05-27,472.35,474.75,463.9,471.65,1366216
2015-05-28,474.7,486.8,472.75,483.55,568525
2015-05-29,483.8,489.9,478.95,481.6,542751
2015-06-01,482.8,483,470.95,472.15,476249
2015-06-02,474,478.2,465.2,467.2,1010956
2015-06-03,469,469,435.6,457.25,928841
2015-06-04,457.25,457.35,445.5,452.15,916304
2015-06-05,446.9,448.65,439.25,442.6,1375054
2015-06-08,437,437,429.2,435.7,691798
2015-06-09,431.8,443.8,431.8,440.3,1137474
2015-06-10,440.5,449.3,436.05,446.45,531145
2015-06-11,447.6,449,428.65,430.35,1286814
2015-06-12,426.55,431,418,421.6,846343
2015-06-15,426.5,427.8,418.45,426.2,492145
2015-06-16,427,435.5,421.55,431.75,409183
2015-06-17,436.5,437.5,426.75,433.7,688266
2015-06-18,435,447.2,431.9,445.45,457739
2015-06-19,445.45,445.45,431.7,432.9,431115
2015-06-22,436.1,444,435.25,440.15,336115
2015-06-23,443.5,447.3,435.2,436.15,501375
2015-06-24,436.5,438.6,428.4,432.25,783754
2015-06-25,432,438.2,429.45,434.4,519951
2015-06-26,435.4,439.4,431.7,437.9,485262
2015-06-29,430,432.5,419,428.85,589716
2015-06-30,428.3,439.9,423,434.55,614222
2015-07-01,436.95,447.4,431.75,444.8,655364
2015-07-02,446.2,446.2,435.25,436.6,411964
2015-07-03,437,437,430.5,433.35,272941
2015-07-06,428,433.25,420.8,432,407708
2015-07-07,435,438,428.05,431.8,620546
2015-07-08,425.5,425.5,400,405.15,1574963
2015-07-09,401.5,403.6,394.25,398.15,836490
2015-07-10,399,406.1,398.3,401.95,1056876
2015-07-13,406.6,406.6,397.3,402.25,498863
2015-07-14,403,403,381.15,385.75,1094452
2015-07-15,387.5,395,382.9,394.3,731813
2015-07-16,396,398.55,392.6,395.1,428095
2015-07-17,397,403.35,390.75,398.75,594386
2015-07-20,399.9,401.85,390.1,391.2,576495
2015-07-21,392,395.5,386.3,389.75,949851
2015-07-22,390,392.5,385,389.25,398274
2015-07-23,389.55,403.1,385,401.35,1016330
2015-07-24,397.95,399.6,390,391.15,815462
2015-07-27,390,390,373.05,377.6,1241835
2015-07-28,374.8,375.1,366.25,370.45,967669
2015-07-29,374,379.3,372.9,376.25,800284
2015-07-30,380.05,382.65,377,377.8,1075274
2015-07-31,380.8,390.4,380.4,384.35,565460
2015-08-03,385,394.55,381.6,388.15,1032587
2015-08-04,386,390,378.05,380.95,1054325
2015-08-05,379,388.35,375,376.75,1520128
2015-08-06,377,384.5,373.5,382.9,1254818
2015-08-07,384,395.5,382,392.55,1026890
2015-08-10,384,395.6,382.2,385.85,1575697
2015-08-11,387.2,387.8,367.5,369.8,2528536
2015-08-12,367,367,353.7,355.3,1575358
2015-08-13,358,360.95,348.25,349.4,2056325
2015-08-14,352.95,359.5,345.25,355.35,1059698
2015-08-17,355,362,345.75,355.95,656186
2015-08-18,357,358.35,348.7,349.7,598845
2015-08-19,350,355,344.35,351.1,1129802
2015-08-20,350,350,341,342.1,1287527
2015-08-21,340,340,328,332.75,1340816
2015-08-24,313.9,318.8,304.1,309.7,2555987
2015-08-25,308.05,332,306.25,329.2,1097298
2015-08-26,324.9,341.6,318.7,336.8,1644923
2015-08-27,338,342.25,328.25,334.7,1170291
2015-08-28,340.55,343,335.5,340.4,1058627
2015-08-31,341,348.6,332.65,340.15,831850
2015-09-01,335.15,339.4,324.75,329.6,1101980
2015-09-02,329.45,332.75,321.5,325.35,1260063
2015-09-03,329.7,339.7,327,333.35,799404
2015-09-04,331,331,316.4,322.85,720284
2015-09-07,328.8,332.75,320.5,323.6,817325
2015-09-08,327.9,333.5,317,331.7,761849
2015-09-09,335.05,350.35,333.65,344.9,913897
2015-09-10,340,356.5,331.45,354.25,1006749
2015-09-11,354.8,359,342.6,345.55,1755558
2015-09-14,348.9,351.2,342.75,346.75,458738
2015-09-15,347,347,332.55,333.95,846472
2015-09-16,338.7,340.25,332.5,337.9,429270
2015-09-18,330,333.75,324.5,328.4,47021412
2015-09-21,326.8,334.8,326,331.6,529506
2015-09-22,331.9,333.7,314.1,315.65,918926
2015-09-23,312,312.5,306.5,310.2,1033490
2015-09-24,312,312,302,303.65,773064
2015-09-28,305,305,283.8,285.25,1391573
2015-09-29,280.1,294.75,279.15,288.65,1559041
2015-09-30,290,299.6,288.15,298.45,893665
2015-10-01,300.1,301,291.75,297,691406
2015-10-05,301.9,322,301.7,315.2,1189578
2015-10-06,320,334.9,320,333.5,1404644
2015-10-07,333.9,344.95,329.15,341.2,1626789
2015-10-08,342.9,347.25,341.55,342.85,806398
2015-10-09,345,358,341.15,355.9,1632474
2015-10-12,357,367,356.6,362.4,1283160
2015-10-13,361.65,365.5,355.1,360.95,837374
2015-10-14,360,360,351,352.3,582710
2015-10-15,355,383.7,355,380.7,1769801
2015-10-16,389,391.05,381.3,386.2,1120269
2015-10-19,384,384,376.6,378.5,663494
2015-10-20,379.9,395.2,377.5,383,1143453
2015-10-21,381,386.4,378.8,381.2,761582
2015-10-23,383.5,388.5,382,382.95,447452
2015-10-26,385.7,390,383.25,384.6,496579
2015-10-27,384.1,386.5,382,383.15,293826
2015-10-28,383.8,390.6,382.85,386,556050
2015-10-29,387.25,396.9,384.2,391.25,783575
2015-10-30,389.95,390.5,383.55,384.45,400209
2015-11-02,387,392,384.1,387.2,287229
2015-11-03,391.5,391.5,381,382.05,408769
2015-11-04,389,407.2,389,405.05,1273621
2015-11-05,403.45,412.8,401.4,403.8,1327802
2015-11-06,400.7,404.1,392.6,396.25,749712
2015-11-09,372,413,372,411.65,1750497
2015-11-10,407.9,417.2,402.5,408.35,929627
2015-11-11,408.8,414.3,408.8,411.75,160287
2015-11-13,409,417.25,401.2,402.85,696807
2015-11-16,400.9,404.3,394.25,400.2,668483
2015-11-17,402.9,410.35,398.7,407.3,504894
2015-11-18,408.2,413.25,403.5,405.45,477119
2015-11-19,410.2,410.2,403.5,407.15,378083
2015-11-20,407.25,410.5,401.7,402.85,389728
2015-11-23,401.05,404.4,396.5,401.85,429808
2015-11-24,399,406.15,397.1,401.05,398909
2015-11-26,404,424.95,403.6,423.15,730331
2015-11-27,424.2,431.9,416.5,417.55,789848
2015-11-30,421,429.8,418,423.35,525219
2015-12-01,425.5,427.1,416.1,417.4,403296
2015-12-02,416,418.8,410.9,412.7,552109
2015-12-03,408,411.95,404.45,405.4,444875
2015-12-04,402,411.5,399,399.9,911789
2015-12-07,403.8,403.8,395.8,398.95,580867
2015-12-08,397,406.75,396,401.9,524482
2015-12-09,402.4,404.85,392.85,393.95,470588
2015-12-10,400.6,401,385.6,389.3,672785
2015-12-11,391,392.8,375.3,377.95,803532
2015-12-14,370,373,360.5,371.7,941674
2015-12-15,372,380.65,365.1,379.3,681043
2015-12-16,378,384.9,373,380.6,1274754
2015-12-17,384.3,387.2,376.25,382.85,576998
2015-12-18,382.9,384.75,376.85,378.2,418092
2015-12-21,378.7,382.4,377.9,380.3,302957
2015-12-22,381.9,382.9,377,377.85,352050
2015-12-23,378.5,380.9,377.6,378.6,244870
2015-12-24,380,384.7,378.15,382.4,257472
2015-12-28,384,394.35,383,393.25,458236
2015-12-29,393.05,397.65,388.6,390.85,442523
2015-12-30,394,394.9,390.6,393.5,176897
2015-12-31,394.4,395.9,389.3,391.25,219445
2016-01-01,393.8,402.9,391.3,401.65,394262
2016-01-04,400,400,375.3,377.15,771279
2016-01-05,380.3,382.5,373.1,374.65,473686
2016-01-06,378,378,364.6,365.7,677259
2016-01-07,356.5,359.85,338.4,343.2,1142537
2016-01-08,346.9,355.9,345.3,353.45,1097561
2016-01-11,350,364.5,341.8,360.65,1186336
2016-01-12,362,364.45,352.25,355.05,733232
2016-01-13,359.1,369.7,356.25,364.45,1176380
2016-01-14,357,358.8,346.85,354.85,1174004
2016-01-15,354,354,339.5,341.55,1047517
2016-01-18,339,343.2,334.85,341.4,667309
2016-01-19,343,356.55,342.05,354.05,702409
2016-01-20,350,350,338.75,342.05,852451
2016-01-21,341.7,344,323.35,329.4,1931780
2016-01-22,334.05,345.8,331.5,339.35,621768
2016-01-25,345,345.5,331.65,332.9,1143028
2016-01-27,336.55,341,333.35,337.15,519337
2016-01-28,337.9,341.25,332.25,334,752855
2016-01-29,333.7,340.15,324.25,336.7,673057
2016-02-01,340,342.2,332.6,338.35,445119
2016-02-02,343.1,344.6,328.1,329.7,758548
2016-02-03,328,328,317.25,320.5,952385
2016-02-04,325.3,329.1,321.55,325.95,632649
2016-02-05,330.55,338.7,327,337.25,517572
2016-02-08,337.85,337.85,322,323.95,548566
2016-02-09,320,322.8,309.25,310.6,868666
2016-02-10,310.95,310.95,289,291.85,2408421
2016-02-11,299,299.25,266,275.65,1819951
2016-02-12,281,304.35,272,298.65,2558034
2016-02-15,299.5,320.65,297.45,316.45,1598792
2016-02-16,319.5,323.95,299,301,1381282
2016-02-17,302.75,313.5,298.65,310.1,1026716
2016-02-18,315.15,319,306.6,313.7,778426
2016-02-19,312.1,319.6,311.3,317.5,1841342
2016-02-22,320.5,324.25,314,318.8,650200
2016-02-23,323.9,324.95,314.7,318.45,688142
2016-02-24,316,316,305.5,306.9,507082
2016-02-25,308.8,311.35,296,298,511217
2016-02-26,303,305.35,297.75,302.2,473173
2016-02-29,302.2,305.55,290.45,300.25,1454828
2016-03-01,300.3,316.9,300.3,315.3,562155
2016-03-02,320.5,325.75,314.75,317,744856
2016-03-03,324.1,339.9,321.75,336.35,1162610
2016-03-04,339,348.5,338.45,343.55,936761
2016-03-08,345,353.9,341.45,345.7,709068
2016-03-09,343,349,336.4,347.75,637221
2016-03-10,348.4,353.45,342.1,348.4,679925
2016-03-11,349.4,355.9,345.3,354,855759
2016-03-14,359,370.25,359,365.9,704934
2016-03-15,368,370.65,359.6,360.65,876020
2016-03-16,360,363.3,353.3,359.85,685732
2016-03-17,366.05,369.45,358.4,361.05,548079
2016-03-18,362,367.35,362,365.9,493650
2016-03-21,365.65,375.2,365.65,374.55,656543
2016-03-22,375,381.25,370.55,376.9,611954
2016-03-23,378.7,379.35,374,376.95,549063
2016-03-28,376,376.7,361.65,363.25,788572
2016-03-29,365.8,378.25,363.2,372.8,608217
2016-03-30,380.65,392,377.1,388.9,808289
2016-03-31,389.8,393.5,380.6,386.3,655007
2016-04-01,388.4,388.4,377.6,379.55,494809
2016-04-04,385.35,390.9,382.75,388.05,423075
2016-04-05,387,387,368.4,370.5,402992
2016-04-06,374,382.5,372,377.2,517434
2016-04-07,377.2,384.7,370.75,375.1,574115
2016-04-08,375.1,379.9,371.3,372.2,371753
2016-04-11,373.25,387.2,373.25,385.85,505385
2016-04-12,389.4,396.65,387.25,395.1,625137
2016-04-13,399.85,411.65,398.3,408.55,836729
2016-04-18,408.85,409.45,402.55,407.1,288132
2016-04-20,409.7,410.1,401.1,404.05,444042
2016-04-21,408.7,417,406.1,411.45,556856
2016-04-22,411.45,419.9,408.3,416.95,491312
2016-04-25,417.8,418,410,411.35,252540
2016-04-26,410,423.5,405.35,419.3,523458
2016-04-27,419.95,425,414.75,418.6,370072
2016-04-28,419.8,420.85,409.1,410.9,825129
2016-04-29,410.05,413.7,403.5,408.85,659186
2016-05-02,410,410.4,395,407.3,310585
2016-05-03,411.4,421.85,407.7,409.5,1002103
2016-05-04,406.75,406.75,380.5,381.8,1148659
2016-05-05,383.5,395.95,383.5,391.2,561389
2016-05-06,390.4,400.65,384.45,398.7,567722
2016-05-09,401,405.25,395.55,403.35,749845
2016-05-10,401,401.85,387.2,388.9,748851
2016-05-11,386,391.9,376.05,380.1,1034617
2016-05-12,384,388.6,380,387.2,575091
2016-05-13,390,393.8,385.85,390,803589
2016-05-16,393.8,396.75,389.6,392.55,500083
2016-05-17,391.5,395,387.3,389.9,554187
2016-05-18,384,387.4,381.8,385,935847
2016-05-19,385.25,393.15,383.1,387.7,1297826
2016-05-20,386.25,392.5,383.3,384.55,591312
2016-05-23,388,389.9,380.55,382.75,523527
2016-05-24,384.4,392,382.35,389.25,541437
2016-05-25,393.55,399.7,393.55,397,507837
2016-05-26,399,401.7,396.85,399.3,318249
2016-05-27,400,404.65,395.95,403.5,672984
2016-05-30,405.4,421.9,401.6,420.55,1171008
2016-05-31,456.3,463.9,444.15,458.2,3231089
2016-06-01,455.7,458.2,446.25,449.2,720409
2016-06-02,445,460.3,443.95,453.2,1105284
2016-06-03,456.55,461.75,452.3,453.9,784791
2016-06-06,457.25,464.9,450.5,460.75,608593
2016-06-07,466.95,467,458.65,463.05,1169024
2016-06-08,465,468.7,462.95,466.3,3469132
2016-06-09,467.8,470.25,464.75,466.7,473127
2016-06-10,467.9,467.9,455.1,457.2,440858
2016-06-13,450,451,436.9,444.25,840975
2016-06-14,448.1,453.75,441.2,448.4,1047844
2016-06-15,450,453,447.35,452.2,526783
2016-06-16,451.5,455,446.25,454,608911
2016-06-17,460,464.9,457.4,463.2,717575
2016-06-20,463.5,483.15,460.4,481.65,906766
2016-06-21,482.5,486.15,477.25,485,604083
2016-06-22,483.9,484.7,468.15,472.5,754047
2016-06-23,475.55,489.6,475.55,488,1231130
2016-06-24,439.2,453.45,425,449,3569184
2016-06-27,451,457.45,443.7,448.6,1155577
2016-06-28,449.9,449.9,438.35,440.35,913074
2016-06-29,445.2,449.5,445.2,447.1,487858
2016-06-30,454,461.95,452,459.25,912471
2016-07-01,463,464.8,455,457.9,488359
2016-07-04,467.9,474.8,467.9,468.9,807283
2016-07-05,468.9,468.9,459.4,460.55,530451
2016-07-07,462.6,465.45,454,455.25,653643
2016-07-08,463.25,467.5,462.9,465.2,1440996
2016-07-11,471.1,486.4,471.1,484.5,1514220
2016-07-12,485,488.65,481.1,484.2,1036625
2016-07-13,486,487.85,478.05,479.95,526249
2016-07-14,480,489.05,478.9,485.7,571338
2016-07-15,481,501.2,480,492.9,1387973
2016-07-18,496.9,505,490.6,492.65,814252
2016-07-19,494,503.5,493.05,498.15,842523
2016-07-20,499,502.05,492.5,493.8,1003311
2016-07-21,498.4,500,489.45,490.65,559960
2016-07-22,495,507.9,493.1,506.4,808775
2016-07-25,506.5,511,503.6,508.9,464243
2016-07-26,506.6,513.5,501.65,503.15,723526
2016-07-27,505,513,505,510.1,431415
2016-07-28,511,512.05,499.1,505.85,319385
2016-07-29,507,510.35,501,503,344952
2016-08-01,504,514.85,504,508.1,543191
2016-08-02,511,511.15,492,493.85,374693
2016-08-03,495.35,499.8,476.25,479.15,549891
2016-08-04,491,501.8,488.25,500.3,716551
2016-08-05,506,519.3,502.25,516.35,612995
2016-08-08,517.9,522.2,513.55,513.95,773578
2016-08-09,521,522,509.8,513.7,511128
2016-08-10,515,516,502.2,503.3,741168
2016-08-11,502.4,505,495.45,502.3,368498
2016-08-12,509.35,518.5,505,515.25,847928
2016-08-16,514.7,515,503.2,506.9,1046769
2016-08-17,511.9,514.35,506.4,510.25,473514
2016-08-18,512,518,511.1,511.95,1011071
2016-08-19,514,514.8,508.25,510,551765
2016-08-22,510,513.5,503,503.75,849012
2016-08-23,504.1,508.6,500.35,503.55,844672
2016-08-24,504.55,505.9,493.8,498,664505
2016-08-25,498.05,503.1,491.25,493.75,351128
2016-08-26,500.35,515,486.1,503.65,1923098
2016-08-29,520,528.05,515.8,524.7,2203887
2016-08-30,529.7,530.8,524.05,528.3,1408605
2016-08-31,529,548.15,529,537.45,1887721
2016-09-01,540.05,546.7,539.5,543.65,1790886
2016-09-02,552,555.5,548.3,549.8,1984134
2016-09-06,555,593.1,555,589.35,2529347
2016-09-07,590,598.6,584.5,587.7,2928176
2016-09-08,589.05,591.35,577.8,584.55,512782
2016-09-09,580,580.1,571.7,573,342627
2016-09-12,557.25,559.9,549.45,554.15,1073646
2016-09-14,555.15,565.9,544.3,561.4,1262905
2016-09-15,561.4,566,555.65,557.25,371007
2016-09-16,560.1,568,546.4,548.9,572507
2016-09-19,553.8,555.45,549.7,553.5,1214715
2016-09-20,554.5,555.65,545.55,547.6,528048
2016-09-21,548.6,556.2,544.5,549.95,418133
2016-09-22,560,562,551.85,558.3,450705
2016-09-23,560,560,551.5,553.35,480870
2016-09-26,552,552,533.8,535.55,586754
2016-09-27,536.55,542,530.7,531.95,514701
2016-09-28,532.1,545.35,531.75,539.85,831294
2016-09-29,545,546.9,517.2,526.2,538737
2016-09-30,525.2,536.6,522.1,534.75,522539
2016-10-03,542.9,546.25,539.65,540.7,371666
2016-10-04,547,550.9,541,549.35,488446
2016-10-05,555,561.5,549.8,558.1,544654
2016-10-06,563,564.2,549,551.25,438414
2016-10-07,554,567,552.85,565.7,836483
2016-10-10,570.2,571.05,561,562.1,212406
2016-10-13,558.65,559.4,537.05,544.3,893818
2016-10-14,546.9,557.25,546.1,555.45,528146
2016-10-17,557.5,558.1,545.2,547.05,245365
2016-10-18,550,555.5,549,553.55,321279
2016-10-19,551.8,554.5,545.1,550.25,507103
2016-10-20,554,554.4,546.5,547.3,425385
2016-10-21,547.5,550.1,542,544.55,301526
2016-10-24,545.1,563,543.5,559.1,545703
2016-10-25,547.7,560.85,547.7,553.1,570629
2016-10-26,550.85,550.85,523.95,529.5,738437
2016-10-27,514,525.65,510.65,521.85,925997
2016-10-28,526,539.15,525.05,535.85,459170
2016-10-30,537,537,530,532.35,60815
2016-11-01,533,538.3,525.2,530.95,657070
2016-11-02,525,526.5,513,514,769898
2016-11-03,511.7,521.5,506,510.25,628245
2016-11-04,510,515.95,501.85,512.1,588198
2016-11-07,513,520.9,505.5,507.3,501442
2016-11-08,517,542.25,516.3,540.2,1194742
2016-11-09,501,543.4,500,534.4,926102
2016-11-10,536.9,549.2,532,534.15,648751
2016-11-11,529.8,530,505.25,507.4,517900
2016-11-15,485.7,486.7,451.6,457.25,1176122
2016-11-16,467,471.5,450,457.9,749841
2016-11-17,461,476.2,459.8,472.6,1197547
2016-11-18,470,473.5,462.1,471,426532
2016-11-21,468.5,472.6,451.55,456.9,430117
2016-11-22,463.3,471.15,453.5,464.9,406079
2016-11-23,467,475,462.1,471.4,364408
2016-11-24,468,468,450,453.05,557557
2016-11-25,454.9,456,443.65,453.25,663499
2016-11-28,454.8,459.95,451,454.8,323531
2016-11-29,456.7,465.9,453.35,459.8,431420
2016-11-30,460,463.9,455.4,459.35,399397
2016-12-01,458,458.45,446.4,448.15,469966
2016-12-02,445,453.8,431.2,433.05,1248595
2016-12-05,434.6,441,429,439.6,564529
2016-12-06,440,445.8,438.2,441.35,389671
2016-12-07,440,448.9,439.25,445.25,356657
2016-12-08,449,464.8,449,461.3,789679
2016-12-09,462.55,468.4,460.4,464.05,366208
2016-12-12,463.5,463.5,451.05,454.55,293796
2016-12-13,476.8,477,461.8,470.35,1421583
2016-12-14,471.95,476.6,462.8,472.6,590518
2016-12-15,469.05,473.2,462,463.45,494308
2016-12-16,464.05,475,464.05,472.5,511544
2016-12-19,471,478.15,465.8,471.7,342015
2016-12-20,472.55,475,469.5,472.8,241810
2016-12-21,472.8,474.85,467.5,468.75,199870
2016-12-22,468.8,472.9,465.25,469.65,389861
2016-12-23,466.4,468.3,460,466.15,365965
2016-12-26,464.25,464.55,455.8,458.3,228994
2016-12-27,459.05,467.9,457.6,466.5,232275
2016-12-28,467,467.85,462,463.15,209087
2016-12-29,464.9,472.4,459.35,470.75,217985
2016-12-30,471.25,475,467.55,471.35,354332
2017-01-02,474.95,488.5,469.2,487.25,415721
2017-01-03,491,492.75,479.45,481.25,823203
2017-01-04,485,493.6,484.6,486.5,414780
2017-01-05,496.1,503.2,495,501.95,539024
2017-01-06,506,507.85,496.4,497.8,451099
2017-01-09,500.1,504.45,492.55,500.35,391675
2017-01-10,505.7,516.55,505.1,515.3,767765
2017-01-11,518.2,525,517.3,518.9,375665
2017-01-12,519.05,524,513.25,518.35,378656
2017-01-13,520.1,523.5,507.4,514.65,393121
2017-01-16,517.2,529.2,517.2,526.55,473428
2017-01-17,527.05,530.65,521,523.25,398811
2017-01-18,524.9,529.6,521.5,523.15,1689922
2017-01-19,523.15,535,523.15,530.7,446639
2017-01-20,529,529.2,521.75,523.15,169627
2017-01-23,522,534.55,522,532.15,263311
2017-01-24,533,542.85,532.6,541.4,449551
2017-01-25,542.1,550,541.7,548,245448
2017-01-27,552.45,553,539.9,544.35,575424
2017-01-30,542,543.2,530.85,532.5,182094
2017-01-31,531.5,531.5,518,523.6,285965
2017-02-01,525.55,544.8,523,541.7,308726
2017-02-02,541.9,541.9,527.05,530.85,1405061
2017-02-03,534.4,534.4,520,522.5,322716
2017-02-06,524.5,531.35,523.7,525.3,228656
2017-02-07,527.8,527.8,501.95,506.8,726816
2017-02-08,510.2,515,507,513,355443
2017-02-09,517.7,518.15,506.15,512.8,379479
2017-02-10,512.5,514.7,506.6,509.4,345699
2017-02-13,512,513,503.8,505.4,286215
2017-02-14,503.85,506.4,468.3,486.8,1242271
2017-02-15,449,453.25,435,436.55,3628635
2017-02-16,442,447.75,436,445.9,968146
2017-02-17,448.9,456.8,442.75,452.7,926504
2017-02-20,452,458.25,449.45,455.5,533916
2017-02-21,458,462.75,454.7,458.95,648219
2017-02-22,461,466.7,456.65,460.15,653447
2017-02-23,464,464.9,457.65,462,559233
2017-02-27,465,465,455.1,457.3,709474
2017-02-28,459.7,459.7,454.1,456.15,252303
2017-03-01,457.5,457.5,448,449.1,467953
2017-03-02,458.8,467.9,453.3,461.05,1049729
2017-03-03,463,467,458.7,460.1,420227
2017-03-06,462,472.3,462,470.7,489685
2017-03-07,470.7,475.8,465.5,467.1,507504
2017-03-08,470,470,461.4,462.65,338660
2017-03-09,462.6,469.8,461.5,467.6,338535
2017-03-10,472,472,465.3,468.95,407708
2017-03-14,480,482.5,468.7,469.65,662834
2017-03-15,474.25,476.5,470.65,473.35,476602
2017-03-16,476.9,481.5,476.15,480.4,1833905
2017-03-17,482.6,484.3,472.4,476.35,314915
2017-03-20,477.4,478.2,471.3,476.05,281741
2017-03-21,476,477.35,470.7,473.35,206191
2017-03-22,471,471,458.6,459.9,427596
2017-03-23,460.7,475.9,460.7,471.8,449713
2017-03-24,472,474.7,467.65,470.5,313779
2017-03-27,470,470,462.4,465.5,941186
2017-03-28,469.9,473.1,468,472.4,195210
2017-03-29,475,475,463.75,469.1,504661
2017-03-30,464.7,469.7,463,468.4,672046
2017-03-31,467,472.5,464.1,465.95,797627
2017-04-03,469,472.25,467.75,470.45,396149
2017-04-05,473,474.95,467.15,473.55,283721
2017-04-06,474.4,478.75,470.7,473.05,469170
2017-04-07,469.8,480,466.55,468,552994
2017-04-10,470,478.15,468,475.05,520240
2017-04-11,477,478.45,471.4,472.75,594211
2017-04-12,471.9,471.9,462.05,465.2,381031
2017-04-13,469.35,469.35,451.2,452.95,663863
2017-04-17,452.9,455.7,447.35,449.5,423227
2017-04-18,450,455.8,442.5,444.1,428133
2017-04-19,445,449.1,438.2,443.55,589375
2017-04-20,447.9,447.9,442.5,444,440999
2017-04-21,447.5,447.95,437,440.4,689180
2017-04-24,440.7,449,439.05,445.1,502136
2017-04-25,447.8,447.8,443.5,445.6,307085
2017-04-26,448.7,454.4,445.6,450.8,903160
2017-04-27,453,461.3,453,455.95,522463
2017-04-28,458.9,461.45,454.8,457.8,368672
2017-05-02,457.8,457.8,448.9,451.65,381141
2017-05-03,452.8,456.35,444.6,446.65,339662
2017-05-04,447,448.8,435.35,436.5,514416
2017-05-05,436.7,438,418.05,419.75,1413719
2017-05-08,424.2,428.5,417.1,423.25,512318
2017-05-09,424,428.55,423.4,426.7,343617
2017-05-10,428,432.9,424.4,432.05,419054
2017-05-11,432.55,434.3,425.7,427.4,931209
2017-05-12,428,433.8,427.4,430.4,436223
2017-05-15,433.6,433.6,430.05,431.85,364038
2017-05-16,433,439.7,432.3,437.3,377867
2017-05-17,437.45,452,435.5,449.65,970863
2017-05-18,442,448.8,436,438.2,489585
2017-05-19,444,445,435,442.95,334437
2017-05-22,443,452,442.35,448.4,586135
2017-05-23,450.4,456.45,444.5,450.1,1072302
2017-05-24,469,472.95,459.05,469.45,1492844
2017-05-25,470.3,478,465,475.45,1058632
2017-05-26,475,487,472.85,480.75,1118826
2017-05-29,482,484.45,472,480.4,386808
2017-05-30,482.1,486.65,479.6,481.45,289836
2017-05-31,480.5,482.7,475,476.2,401166
2017-06-01,477,479.75,473.6,476.4,302586
2017-06-02,479,485.95,477.5,478.55,375530
2017-06-05,478.2,481.4,475.4,478,206697
2017-06-06,482.65,484.4,457.35,460.9,702667
2017-06-07,464,464,453.6,457.95,456841
2017-06-08,458.5,463.5,457.45,460.75,378363
2017-06-09,460.9,468,455.15,467.2,425755
2017-06-12,467,467,455.1,456.5,321767
2017-06-13,457.1,458.55,448.1,449.6,396341
2017-06-14,451,453.6,447.2,451.6,461638
2017-06-15,452.95,457.95,447,448.45,395863
2017-06-16,455.4,458.3,452.25,455.5,558674
2017-06-19,455,456.6,450.9,452.3,345728
2017-06-20,455.5,470.6,455.5,467.15,691383
2017-06-21,467,467,456,457.3,1317927
2017-06-22,460,463.2,452,452.8,317232
2017-06-23,453.1,456.55,442.4,443.1,84099998
2017-06-27,443.15,444.2,434.4,441.55,275699
2017-06-28,442.85,446.5,440.35,442.15,291898
2017-06-29,445.65,446.2,433.65,435.95,270474
2017-06-30,434.9,434.9,428,432.5,511744
2017-07-03,433.7,434.4,426.65,430.65,537854
2017-07-04,438,438,426.1,427.65,431813
2017-07-05,429.9,434.25,427.55,432.05,367800
2017-07-06,435,438.8,433.85,437.1,279419
2017-07-07,433,441.3,432.5,436.8,277875
2017-07-10,441.7,457.5,441.7,446.75,3343876
2017-07-11,451.25,462.25,451.25,456.95,1257434
2017-07-12,462,463.8,456.9,460.95,392673
2017-07-13,464.15,465,455.55,458.4,256544
2017-07-14,459.1,460,451,451.9,202313
2017-07-17,453.05,458.35,453.05,454.3,181617
2017-07-18,454,459,452.1,456.05,144805
2017-07-19,454,462.8,453.5,460.55,224975
2017-07-20,463,464.1,457.3,460.2,219538
2017-07-21,460,465.9,457.55,464.6,327519
2017-07-24,461,468,461,463.6,258063
2017-07-25,468,468,454.7,456.15,263910
2017-07-26,457,458.7,455,456.75,769149
2017-07-27,461,461,441.4,445.65,449480
2017-07-28,445,447.95,442.65,446.3,351885
2017-07-31,446,449.35,443.75,444.5,240220
2017-08-01,445,452.25,445,446.9,465788
2017-08-02,449.85,450,435,439.5,513133
2017-08-03,440.5,441.6,430.2,431.85,1841235
2017-08-04,431,438.85,431,435.1,1340403
2017-08-07,439.7,440,426,430.45,412555
2017-08-08,432,435.35,425.9,430.4,466576
2017-08-09,428.5,430.15,415,416.75,779946
2017-08-10,399.9,404,376,380.9,2401602
2017-08-11,377.9,379.95,357.95,374.4,1122665
2017-08-14,380,381.85,372.6,375.65,589792
2017-08-16,380,390.1,376,389.05,727516
2017-08-17,392,393.9,384.1,385.05,653997
2017-08-18,384,384,377.25,380.7,574271
2017-08-21,382,382.85,372.1,374.55,595249
2017-08-22,377.35,379.9,372.35,373.35,558419
2017-08-23,375.5,381.3,373.2,380.1,468387
2017-08-24,382,385.6,380.5,384,464238
2017-08-28,385.7,387.25,378.7,379.2,377373
2017-08-29,379.2,382.45,375,376.35,278851
2017-08-30,379.2,382.75,377.6,378.55,251767
2017-08-31,378,380.7,376,376.6,177033
2017-09-01,379,392.5,378.9,390.7,536632
2017-09-04,393.95,396.05,381.4,384.4,648771
2017-09-05,386,388.9,383.5,387.4,340022
2017-09-06,383.35,386.45,382.5,383.4,270015
2017-09-07,384,384.8,376.1,378.9,654612
2017-09-08,380,381.7,374,375.05,524053
2017-09-11,380,380.8,374.3,375.4,273809
2017-09-12,378,389,375.5,387.2,576144
2017-09-13,391.55,393.7,387.3,389.8,829294
2017-09-14,391.45,405.6,391,403.9,1398319
2017-09-15,403.7,406.2,399.55,401.25,741795
2017-09-18,411.3,413.9,403.55,405.35,750585
2017-09-19,415,428.2,415,423.9,48383244
2017-09-20,424.4,424.4,413.1,415.5,453886
2017-09-21,416.9,418.8,408.9,413.3,388130
2017-09-22,414.75,421.6,409.65,411.2,841436
2017-09-25,413,418.9,404.6,408.2,412851
2017-09-26,409,413.7,403.85,410.9,345628
2017-09-27,411,414.3,401.95,403.9,330950
2017-09-28,407.4,407.4,399,401.1,256563
2017-09-29,400.3,404.05,397.95,401.25,431845
2017-10-03,428.25,428.25,415.25,416.4,733114
2017-10-04,418,425,412.75,423.4,462809
2017-10-05,425,426,420.3,423.15,353857
2017-10-06,422.9,425.9,415.8,424.2,309894
2017-10-09,425.1,432.2,423.3,425.9,336362
2017-10-10,424,429,422.1,423.8,246097
2017-10-11,421.15,424.9,413.4,415.25,296017
2017-10-12,415.5,421.85,409.95,420.3,423345
2017-10-13,422,428.9,419.2,424.45,457236
2017-10-16,426,437.95,426,436.55,525906
2017-10-17,437.4,437.4,430.75,432,291426
2017-10-18,434,437.6,427.3,433.55,297257
2017-10-19,433.45,433.45,424.05,427.25,143416
2017-10-23,428.2,430.75,420.95,422.3,279220
2017-10-24,422,428.8,415,415.8,449579
2017-10-25,420,424.25,415.4,422,265084
2017-10-26,420.55,422.25,417.5,419.35,247939
2017-10-27,421,434,421,430.05,472018
2017-10-30,430,439.9,428.75,435.8,443873
2017-10-31,437.15,438.5,427.15,428.55,537759
2017-11-01,430.05,439.8,428.8,436.75,418931
2017-11-02,436.7,440.3,430,434.8,393648
2017-11-03,435.1,448.5,432.9,446.9,625153
2017-11-06,448.05,466.95,443.65,461.55,1122495
2017-11-07,458,465.8,447,451.9,692700
2017-11-08,451,455.5,431.5,438.7,790340
2017-11-09,443.5,451.25,426,440.3,3182360
2017-11-10,440.85,440.85,420.15,422.65,2415046
2017-11-13,427,428,416.1,418.2,724312
2017-11-14,419.7,422,411.25,414.55,516824
2017-11-15,413.95,417.55,407,408.6,732963
2017-11-16,410.1,415.8,410.1,413.5,450604
2017-11-17,418.2,423,417.05,421.45,498829
2017-11-20,421.55,425.35,420.3,422.4,350660
2017-11-21,425.4,429.9,422.7,424.25,765624
2017-11-22,424.4,432.95,424.4,428.25,775302
2017-11-23,428.9,430.85,422.85,426.1,332187
2017-11-24,426,429.8,424.05,424.95,336043
2017-11-27,422.2,424.9,418,421.15,389757
2017-11-28,418.2,422,414.8,415.95,365354
2017-11-29,415.95,419.55,412.1,414.25,293079
2017-11-30,411.1,412,402.95,404.65,677811
2017-12-01,409.1,410.5,396.75,399.15,803276
2017-12-04,408,411,402,403.4,577311
2017-12-05,404,405.9,396.8,402.35,638608
2017-12-06,402,402.7,395,396.8,417344
2017-12-07,403,405.3,397.2,402.15,593359
2017-12-08,406.75,413.7,406.5,411.05,2497430
2017-12-11,412,415.35,409.3,410.2,368376
2017-12-12,411,415.7,405.55,405.7,1407417
2017-12-13,406.25,409.7,400,401.85,409532
2017-12-14,403.35,404.2,398.55,402.8,285975
2017-12-15,406.2,409,404.05,405.15,325973
2017-12-18,401.7,409.6,389.75,405.5,528293
2017-12-19,408.9,420.4,408,419.25,922779
2017-12-20,422,427.5,419.3,421.95,710303
2017-12-21,422.55,426.1,418.95,420.25,330655
2017-12-22,421,425.95,420.3,421.9,352495
2017-12-26,422.1,424.7,421.3,423.6,177365
2017-12-27,425,427.95,420.35,422.5,217274
2017-12-28,424,424,416.25,418.4,222704
2017-12-29,418.5,432.5,417.4,431.2,552476
2018-01-01,432.2,436.45,422.85,425.4,524326
2018-01-02,429.7,440.2,422.1,438.85,1316818
2018-01-03,439.5,441.45,432.25,433.2,526955
2018-01-04,430,433,426.05,429.7,430531
2018-01-05,432,436.3,430.1,430.8,358825
2018-01-08,433.7,436.4,431.8,433.7,377823
2018-01-09,434.75,443.55,433.35,436.55,611751
2018-01-10,438.85,439.4,431.5,432.5,308664
2018-01-11,432.55,437.5,432.55,434.45,199587
2018-01-12,438.3,440.9,432.15,436.15,338549
2018-01-15,438.7,439.9,430.3,431.75,221532
2018-01-16,432,435.3,420,421.8,437771
2018-01-17,422.85,425,410.8,422.75,2714535
2018-01-18,422.35,427.75,414.8,418.8,439932
2018-01-19,419.75,421.9,415.2,418.95,239133
2018-01-22,419,424.2,418.65,421.55,156097
2018-01-23,422.1,422.1,414.75,418.05,365515
2018-01-24,417.75,417.75,402.5,403.6,765278
2018-01-25,402.25,408,399,400.2,559942
2018-01-29,401.15,406,398.05,399.3,335015
2018-01-30,399.1,402.2,395.3,396.2,407917
2018-01-31,396.2,401,395.75,399.25,348600
2018-02-01,401,403.85,391.05,394.65,551822
2018-02-02,391,397.25,381.65,384.05,649423
2018-02-05,381.65,398.4,380.45,396.05,723112
2018-02-06,368,379.6,357,374.45,2009877
2018-02-07,388,388,375.3,377.5,1890021
2018-02-08,381,381,372.7,374.85,1041768
2018-02-09,370,373.1,368.5,369.2,614888
2018-02-12,372,376.25,370.35,372.45,469444
2018-02-14,373.9,382.4,371.2,376.85,600577
2018-02-15,379,382.4,373.85,376.15,585612
2018-02-16,377.25,379.4,368.3,370.55,500663
2018-02-19,371.95,374,363.5,367.75,431513
2018-02-20,370,370.7,366.5,368.9,228993
2018-02-21,370.3,374,363,364.35,454904
2018-02-22,364,364,357.9,358.55,451987
2018-02-23,357.55,364.5,357.55,360.45,486548
2018-02-26,362,373.5,362,372.05,611335
2018-02-27,375,376.8,370.55,372.85,365754
2018-02-28,369,373.5,367.05,370.2,357224
2018-03-01,367.9,376.25,367.9,370.85,593743
2018-03-05,370.85,370.85,351,352.15,888581
2018-03-06,356.95,358,345,346.6,786916
2018-03-07,345,354.9,342.9,348,844076
2018-03-08,350.55,351.8,341.75,345.9,471093
2018-03-09,345,348.7,340.65,341.7,487081
2018-03-12,344.55,353.05,340.65,352.2,522985
2018-03-13,351.95,356.35,350.05,353.75,391607
2018-03-14,352.85,354.95,349.8,354.15,269680
2018-03-15,355,358.4,351.3,353.05,2625555
2018-03-16,352.9,352.9,339,340.1,707153
2018-03-19,341.9,342.45,332.55,335.75,559922
2018-03-20,335.75,340.4,333.4,339.25,366544
2018-03-21,340,342.3,332.6,333.9,494549
2018-03-22,339.8,339.9,335,338.2,481307
2018-03-23,331,335,330.1,331.1,496525
2018-03-26,330,333.7,324.5,332.05,629409
2018-03-27,333.9,335.7,330,331.05,432538
2018-03-28,331.25,333.75,326.15,327.45,494682
2018-04-02,335,340,332,338.8,459555
2018-04-03,339.35,344.7,337.45,343.35,574172
2018-04-04,349.85,363.45,346.1,355.7,1476617
2018-04-05,364.8,372.4,360.4,363.6,2198237
2018-04-06,363.5,368.25,356.6,363.85,653999
2018-04-09,363.9,368.4,357,358.3,494256
2018-04-10,360.95,362.45,352,353.4,474398
2018-04-11,354.1,357.1,350.7,355.3,373758
2018-04-12,359.3,363.95,356.85,358.05,734607
2018-04-13,359,360.6,354.45,356.65,259261
2018-04-16,351.5,352.5,337.9,338.95,1281628
2018-04-17,341.4,344.3,333.1,336.9,701127
2018-04-18,338,339.95,334.1,335.5,399398
2018-04-19,336,337,332.5,334.85,387920
2018-04-20,336,343,334.8,336.25,802632
2018-04-23,337,339.65,333,333.5,1076670
2018-04-24,334,335.5,330.85,331.55,450969
2018-04-25,330.55,333.95,327.9,328.65,478076
2018-04-26,328.25,335.65,326.1,330.3,686464
2018-04-27,332.15,337.55,331.35,336.8,512142
2018-04-30,338.95,342.7,337.4,340.2,436277
2018-05-02,349.75,352,335.1,336,1159632
2018-05-03,335,335.5,329.45,333.45,1062017
2018-05-04,335.7,337.5,329.5,334.25,474047
2018-05-07,337.5,337.5,333.9,335.05,243640
2018-05-08,339.2,339.2,330.3,332.1,354371
2018-05-09,332.1,346.75,331.1,341.35,999911
2018-05-10,343.1,344.3,332.5,333.35,782878
2018-05-11,335.4,335.4,330,330.75,484582
2018-05-14,332.5,333.9,323.15,324.15,684086
2018-05-15,323.95,324,305.75,310.25,1299902
2018-05-16,310.7,315.4,306.8,310.4,749847
2018-05-17,312,319.35,309.6,315.15,1151045
2018-05-18,315,315.1,304,305.25,716253
2018-05-21,304.2,307.35,295.1,296.55,759795
2018-05-22,296,312.5,296,307.75,1238907
2018-05-23,310.5,317,305.65,309.25,1179567
2018-05-24,301.5,307.6,284.7,288.95,3260752
2018-05-25,288.65,296.9,286.25,294.2,1120841
2018-05-28,294.9,300,290.45,296.2,648033
2018-05-29,296.3,300.2,293,294.6,575018
2018-05-30,290.9,292.4,286.25,288.95,777993
2018-05-31,290.8,291.15,282,282.9,1137096
2018-06-01,286.65,290.5,283.4,287.2,1259799
2018-06-04,291.6,294.8,286.1,286.65,791666
2018-06-05,286,288.3,283.7,285.35,526276
2018-06-06,286.05,296.7,285.55,295.5,1272388
2018-06-07,297,306.45,295.6,305.3,1363470
2018-06-08,306.8,315,302.6,310.05,1468816
2018-06-11,311.8,313.9,307.05,309.85,1007575
2018-06-12,310,313.5,307.1,308,497309
2018-06-13,308.2,311,307,308.15,519926
2018-06-14,308.45,309.7,303.9,305.75,464091
2018-06-15,306,307.75,300.75,303.2,470004
2018-06-18,303.55,310.8,302.05,308.75,681093
2018-06-19,309,312.65,303.45,304.65,834498
2018-06-20,304.7,308.3,304,305.6,427023
2018-06-21,306.2,308.55,305.55,306.55,299929
2018-06-22,308.45,308.9,303.2,308.15,400433
2018-06-25,308.15,308.15,288,289.85,1375019
2018-06-26,289.7,289.7,275.4,277.35,2005780
2018-06-27,279,279.5,270.1,271.2,1308895
2018-06-28,271.2,272.45,262.5,263.9,1266377
2018-06-29,265,270.5,263,269.3,1674053
2018-07-02,276,277,266.1,267.25,1208787
2018-07-03,268.1,272,267.55,269.5,1812909
2018-07-04,269.6,271.4,265.8,267,776527
2018-07-05,264,264,252.55,261.5,1464421
2018-07-06,261.6,273,261.6,271.15,1277833
2018-07-09,273.5,276.9,272.4,273.35,767978
2018-07-10,276.8,276.9,273.2,275.4,464022
2018-07-11,277,277.1,267.2,267.85,701287
2018-07-12,269.95,271.9,265.5,266.5,714458
2018-07-13,267.8,269.3,263.3,264.15,636806
2018-07-16,261.15,261.8,250.75,251.55,1599394
2018-07-17,254.4,259,252.3,257.6,1429516
2018-07-18,259.9,259.9,247.55,251.95,803100
2018-07-19,253.8,257.75,251.35,252.45,638977
2018-07-20,252.45,254,251.2,253.4,410202
2018-07-23,255.3,259.3,251.35,258.25,559578
2018-07-24,259.3,263.75,257.7,259.2,688105
2018-07-25,259.5,261.75,256.1,257.3,557669
2018-07-26,258.15,262.95,257.5,258.5,1161859
2018-07-27,259.65,269.1,258.65,267.7,1121941
2018-07-30,269.35,271.7,266.25,267.3,589717
2018-07-31,268.6,270.5,262.5,264.15,764757
2018-08-01,248,267.3,248,264.95,3249106
2018-08-02,264.5,266.1,258.9,260.95,1001648
2018-08-03,262.6,263.8,257.7,258.75,743398
2018-08-06,260.95,261.85,253.15,254.7,842806
2018-08-07,255,255.95,251,251.85,1220335
2018-08-08,253.05,258.4,252.1,255,879631
2018-08-09,257,260.5,255,257.5,586850
2018-08-10,261.35,261.35,249.9,250.25,953312
2018-08-13,249.55,249.55,243.25,248.55,1566376
2018-08-14,248.7,249.9,247.5,248.7,477144
2018-08-16,247.5,252.75,245,251.15,687994
2018-08-17,253.6,258.95,253.4,257.35,706164
2018-08-20,262,271.9,259.45,269.55,1787015
2018-08-21,271.05,274.6,266.9,269.05,1457193
2018-08-23,269.7,269.7,256.4,257.4,1408104
2018-08-24,256.35,258.6,255.05,255.6,713958
2018-08-27,257.9,259.5,256.65,258.9,630305
2018-08-28,261,263.2,259.3,260.3,699602
2018-08-29,260.5,263.7,260.5,261.6,407775
2018-08-30,261.85,263,259.1,259.65,370471
2018-08-31,259,268.2,258.2,267.1,834884
2018-09-03,271.7,273,265.45,266.7,1083047
2018-09-04,270.6,271.05,260.65,262.05,1025120
2018-09-05,260,270.65,255.45,265.55,1120294
2018-09-06,271,272,264.05,269.95,1168857
2018-09-07,270.8,279.95,269.2,277.5,2165591
2018-09-10,276.3,282,272,275.55,2087453
2018-09-11,277.4,278.85,266,267.2,726352
2018-09-12,269.8,269.8,259,262.65,1366439
2018-09-14,265.15,269.3,263.35,266.45,707305
2018-09-17,264.7,264.7,259.5,260.2,684453
2018-09-18,258.2,259.65,250.7,251.45,1038105
2018-09-19,252.4,255.15,251.15,252.7,631766
2018-09-21,254.75,257.7,229.05,250.2,1552086
2018-09-24,251.8,251.8,239.35,240.25,897977
2018-09-25,240,243.4,235.4,240.9,1033377
2018-09-26,242,244,229.8,233.3,3202783
2018-09-27,235.1,236.8,223.5,225.55,1699432
2018-09-28,228,230.6,219.65,223.45,987322
2018-10-01,224.3,230.5,220.05,229.25,818192
2018-10-03,230,232.75,226,227.55,732631
2018-10-04,225,230.65,221.6,223.25,1034983
2018-10-05,223.25,226.45,215,216.55,1078206
2018-10-08,216.55,218.95,208.15,212.75,1342852
2018-10-09,205.8,206,170.65,184.25,13254155
2018-10-10,186,190.8,185,188.75,5564134
2018-10-11,184.75,187.75,178.1,182.75,2259913
2018-10-12,186,188.2,182.75,183.4,1773056
2018-10-15,185.7,186.35,182.8,184.3,1182544
2018-10-16,184.6,187.2,184.6,185.5,1269499
2018-10-17,188.4,188.8,177.95,179.2,1972906
2018-10-19,179.25,180,174.25,174.8,1322998
2018-10-22,176.8,176.95,170,170.55,1638539
2018-10-23,170,175.7,169.8,170.65,1582606
2018-10-24,172.55,175.1,169.1,170.55,1729054
2018-10-25,168.3,169.5,164.55,165.4,1519716
2018-10-26,166.1,172.8,165.8,168.85,2124217
2018-10-29,169.1,176.45,167.95,175.35,1362233
2018-10-30,177.7,181.45,176,177.3,1554415
2018-10-31,178.4,179.7,173.5,178.65,1554149
2018-11-01,179.2,186.05,177.4,178.75,3369177
