2013-01-01,397,397.5,391.2,396.85,79332
2013-01-02,398.55,399.2,392.1,393.75,71248
2013-01-03,395,398.9,394.1,397.4,88969
2013-01-04,399,404.5,397.7,403.25,156122
2013-01-07,404,408.2,403.45,404.2,100420
2013-01-08,404,404.75,395.9,398.3,57406
2013-01-09,397.2,400.25,394.1,397.2,52272
2013-01-10,397.6,405.8,393.55,395.4,88480
2013-01-11,407,421.9,403,419.5,528148
2013-01-14,421.25,424.85,416.7,417.9,317526
2013-01-15,421.1,423.65,417.3,420.15,119785
2013-01-16,422.45,424.9,416.55,420.05,123543
2013-01-17,424,436,422.5,431.1,369450
2013-01-18,437.3,439.7,395.25,397.15,1195605
2013-01-21,402,402,393.75,397.35,321190
2013-01-22,398.7,403,396.25,398.1,143675
2013-01-23,397.95,402.8,397.35,400.65,100061
2013-01-24,401,407.9,401,404.3,108285
2013-01-25,405,408.5,400,407.7,73181
2013-01-28,407,417,405.3,413.55,155735
2013-01-29,413,413,406,407.65,65080
2013-01-30,407.7,416.7,405.05,414.65,80684
2013-01-31,414.75,415.1,406.7,411.2,57618
2013-02-01,410,413,407,407.8,52804
2013-02-04,408,410.25,406.75,407.6,48647
2013-02-05,405.05,408,402.6,406,45925
2013-02-06,406.3,409.2,402.2,404.7,35501
2013-02-07,405,407,401.15,405.1,45527
2013-02-08,406,415.3,403.05,411.45,114620
2013-02-11,408.55,420.25,408.4,409.75,90299
2013-02-12,411.9,413.7,405.5,412.3,49464
2013-02-13,414.8,416,407.15,409.6,37060
2013-02-14,407,407,394.5,395.95,142780
2013-02-15,395,401.65,385.2,398.85,107411
2013-02-18,399,403.4,393.8,402.1,64157
2013-02-19,405,411,400.9,409.75,69077
2013-02-20,412,414.8,409,412,74676
2013-02-21,410.5,416.2,404.15,405.7,92994
2013-02-22,407.3,418.25,404,415.55,185069
2013-02-25,416.4,425.85,416.4,419.25,133845
2013-02-26,419.7,420.5,413,415.7,77577
2013-02-27,417.5,422.5,413.25,418.65,113829
2013-02-28,420,425.5,412,416.5,161667
2013-03-01,415,426,414.95,421.2,100537
2013-03-04,419.95,424.25,418.3,419.2,69490
2013-03-05,416.1,434.9,416.1,433.05,545260
2013-03-06,433,445.5,433,441.1,168952
2013-03-07,442.1,452.55,442.1,449.15,342760
2013-03-08,448,455.8,443.55,445.05,339011
2013-03-11,443.8,449,437.55,439.05,125990
2013-03-12,441.45,444.9,432.35,438.65,131797
2013-03-13,435.3,444.8,435.25,438.95,109002
2013-03-14,440,443.45,430.3,438.45,95918
2013-03-15,438.5,442.4,436.55,440.95,97986
2013-03-18,439,440.95,431.8,433.55,55996
2013-03-19,433.1,438.8,429,433.85,57670
2013-03-20,436.8,436.85,426.1,429.9,109800
2013-03-21,430,436.25,427.5,434.15,58848
2013-03-22,436,439,429.35,435.9,78199
2013-03-25,438,440,429.7,431.15,66177
2013-03-26,428.2,438.75,426.5,435.8,48906
2013-03-28,433,441.15,430,437.15,91305
2013-04-01,438,441.6,428.55,431.35,1595512
2013-04-02,433,451.15,427,449.8,729304
2013-04-03,447,454.45,446,448.7,168515
2013-04-04,445,454,441,445.1,94595
2013-04-05,440.3,462.85,439,454.75,255975
2013-04-08,454,455.8,430.05,448.45,399372
2013-04-09,409,418.25,390.6,393.8,1202848
2013-04-10,397.4,404.5,396.7,402.35,273388
2013-04-11,406,407.65,399.1,402.3,120975
2013-04-12,388.95,389,379.25,383.3,386411
2013-04-15,385,392.15,377.2,380.05,141098
2013-04-16,380.05,383.1,376,381.7,84537
2013-04-17,383,385.9,372.6,374.95,111307
2013-04-18,374.45,377.9,362.75,368.65,221563
2013-04-22,350,350,328,339.35,1204272
2013-04-23,343.75,347.7,340.55,342.75,273607
2013-04-25,343.9,345,332.8,335.2,370310
2013-04-26,335.25,339.15,328,330.1,240803
2013-04-29,331.95,342.9,327.55,341.9,241988
2013-04-30,345,350,339.25,347.9,240416
2013-05-02,348.25,355.3,344,352.45,154489
2013-05-03,352,358,349.45,355.55,177089
2013-05-06,355,361.5,354.15,357.05,102082
2013-05-07,357.5,359.95,349.65,351.7,87197
2013-05-08,354,355,347.85,352.15,85539
2013-05-09,351.3,356.55,351.3,354.95,77689
2013-05-10,357,357,352.6,355.1,58271
2013-05-11,356,356.8,351.15,354.45,5470
2013-05-13,354.1,354.95,346.7,348.4,289191
2013-05-14,349.7,350.55,344.85,347.95,62180
2013-05-15,348.7,351.5,341.7,346.1,92659
2013-05-16,346.95,348.55,343.3,347.25,156401
2013-05-17,346.85,349,339,344,132709
2013-05-20,342.4,342.4,334.9,338.15,239604
2013-05-21,338,343.6,336.1,338.95,227555
2013-05-22,339.9,344,339.1,342.05,138421
2013-05-23,340,342.9,332,337,350231
2013-05-24,336.05,342,333,336.65,85177
2013-05-27,336.65,342,333.2,340.1,106821
2013-05-28,341.8,343.5,335.35,340.75,99576
2013-05-29,338.2,344.3,336.4,339.85,524377
2013-05-30,338,342.2,335.35,337.15,90600
2013-05-31,338.4,339.85,315.3,326.55,179483
2013-06-03,332,333.5,323.6,325.65,81234
2013-06-04,327.9,334,327.45,330.85,94029
2013-06-05,332,332.95,324.5,325.6,67068
2013-06-06,325,331.15,322.85,330.1,115454
2013-06-07,329.75,338.9,329.75,335.6,108074
2013-06-10,335.6,344.6,335.6,342.7,144392
2013-06-11,344,346.65,319.4,345.05,380407
2013-06-12,345.05,346.2,340.85,344.65,142969
2013-06-13,340.35,340.9,332.7,340.05,103581
2013-06-14,333,340,331,337.65,150304
2013-06-17,339.95,339.95,332.2,338.05,56241
2013-06-18,338,341.9,337.25,341.1,24101
2013-06-19,337,344.5,337,343.05,632113
2013-06-20,345.1,349,341.1,347.45,992339
2013-06-21,346,350.9,344.15,348.85,409079
2013-06-24,348,349.5,331.7,346.65,199472
2013-06-25,346.65,346.65,336.2,344.2,182114
2013-06-26,345.5,348.6,340.1,347.55,144943
2013-06-27,348,351.7,343.1,347.4,131278
2013-06-28,351,351,341.1,349.8,178077
2013-07-01,349,351.9,345.3,351.2,113797
2013-07-02,347.2,354.5,347.2,353.05,141513
2013-07-03,353,353.6,341.4,343.45,59130
2013-07-04,345,351.9,345,350.75,65207
2013-07-05,351.9,352.4,348.15,350.8,88438
2013-07-08,347.35,358,347.35,356.05,115690
2013-07-09,357,360.95,354.85,360.2,107409
2013-07-10,361,365.55,360,365,268785
2013-07-11,368,368.65,362.05,363.35,84076
2013-07-12,368.25,379.35,368,375.5,213262
2013-07-15,376,383.9,375.5,382,114316
2013-07-16,376,384.65,371,375.35,77524
2013-07-17,375.4,390,375.4,386.45,223827
2013-07-18,386.45,393.6,382.9,385,97199
2013-07-19,391,392.5,387.2,390.75,125784
2013-07-22,390.9,394.45,386,392.95,142753
2013-07-23,394.5,397.4,382.5,384.2,97776
2013-07-24,386.1,393.8,384.45,391.95,135780
2013-07-25,393.6,394,369.2,376.25,235635
2013-07-26,380,387,368.7,382.8,261014
2013-07-29,401,417.5,391.55,408.5,737784
2013-07-30,410.5,422.85,408.1,419.75,346028
2013-07-31,421,439.9,420,437.3,457071
2013-08-01,439.7,443.4,427.5,436.2,254409
2013-08-02,434,450.9,433,438.75,282921
2013-08-05,437,453.4,434.6,449.65,175753
2013-08-06,449,463.2,447.1,451.3,221516
2013-08-07,449.55,462.4,445.25,450.05,323236
2013-08-08,448,449.25,432.65,446.5,175177
2013-08-12,444.1,455,442.1,454.85,174076
2013-08-13,452,468.8,452,466.8,249342
2013-08-14,466,473.2,453.95,460.1,141076
2013-08-16,452.05,467.5,452.05,456.25,226270
2013-08-19,456.45,463.6,452,455.8,135720
2013-08-20,450,460,441.55,447.7,143570
2013-08-21,445.3,452.2,437.8,441.75,86916
2013-08-22,443.7,448,435.7,444.9,63608
2013-08-23,445,451,439.05,448.4,110338
2013-08-26,449.95,465,449.95,459.7,236839
2013-08-27,459,465.25,452.2,454.9,125135
2013-08-28,457.2,474,457.2,471.4,336067
2013-08-29,473.9,479.5,462.5,474.4,250096
2013-08-30,474.2,495,468,483.9,549199
2013-09-02,484,488.9,480.55,484.2,116500
2013-09-03,484,501,474.05,479.2,176851
2013-09-04,482,492.6,477,481.55,214732
2013-09-05,482,482,464.2,468.35,121941
2013-09-06,468.4,483.45,465.7,468.4,309409
2013-09-10,472,483.05,466.9,474.55,428594
2013-09-11,474,483,470,475.25,358683
2013-09-12,474.1,479.5,469.7,472.4,93750
2013-09-13,473.1,473.7,451,455.35,193523
2013-09-16,456,457.25,447,450.95,355246
2013-09-17,451.45,479.5,451.45,475.35,239063
2013-09-18,476,484.9,474,480.4,377284
2013-09-19,481.25,483.65,468.15,471.4,354899
2013-09-20,471.95,480.9,470,475.3,167629
2013-09-23,474,489.4,474,483.6,300811
2013-09-24,487.9,490.8,474.05,478.1,189570
2013-09-25,479.5,485.45,474,475.65,254857
2013-09-26,473.5,489.3,473,477.5,458498
2013-09-27,479.6,485,472.55,475.15,576704
2013-09-30,476.3,484.5,471.1,474.05,163044
2013-10-01,475.7,479,469.5,470.65,140439
2013-10-03,471,488.25,471,484.5,344590
2013-10-04,484,490.5,480,482.9,181687
2013-10-07,482.9,486.2,477.25,481.9,177283
2013-10-08,483.25,492.5,480.5,482.9,264979
2013-10-09,479.7,483.25,475.25,477.15,209731
2013-10-10,479,484.45,478,480.35,804630
2013-10-11,491,499,484.2,488.3,581645
2013-10-14,488.5,507.7,488.5,500.9,678155
2013-10-15,504.2,519.5,504.2,510.4,1049256
2013-10-17,514,516.65,492,495.1,358447
2013-10-18,499.1,512.2,494.9,506.95,260281
2013-10-21,510,514.9,501.5,506.45,267748
2013-10-22,512.1,518,509.2,514.9,505156
2013-10-23,514.5,514.5,471.55,492.2,1010265
2013-10-24,494,494,469,471.3,482592
2013-10-25,470,483,467.3,481.05,528579
2013-10-28,484.9,485.3,477,483.05,207867
2013-10-29,486,488.1,481.1,486.4,130791
2013-10-30,486,490,473.35,475.85,253274
2013-10-31,475.4,485.9,474,476.95,840273
2013-11-01,477,484.7,477,482.5,148473
2013-11-03,485.6,486.8,482.5,484.95,24411
2013-11-05,483,483.8,475.15,479.1,81079
2013-11-06,483.4,487.5,479.3,481.5,118610
2013-11-07,484,489,478.55,481.5,183811
2013-11-08,483.3,486.7,478,481.25,162802
2013-11-11,481,487,479.7,480.95,310181
2013-11-12,482.1,489.5,479,482,520530
2013-11-13,483.9,486.85,480,481.85,205738
2013-11-14,483.1,490,480.65,484.9,481318
2013-11-18,487.4,497.45,487.4,491.8,232388
2013-11-19,493,495,487,488,232365
2013-11-20,488,493.5,481,483.35,268165
2013-11-21,481.1,486.85,476.1,478.55,123743
2013-11-22,480.2,483,477.1,477.95,151941
2013-11-25,479,483.2,477.6,478.9,180843
2013-11-26,479,479,471.15,474.95,397308
2013-11-27,474.5,474.95,465.4,469.9,265844
2013-11-28,470,474.75,470,472.85,371331
2013-11-29,473.9,475.7,470.25,470.95,198624
2013-12-02,471,483.6,466.95,481.5,112888
2013-12-03,483.55,486.2,481.5,482.2,252682
2013-12-04,482,494.45,479.35,491.6,173531
2013-12-05,494.5,499,486.5,492.5,117876
2013-12-06,492,497.5,486.3,493.35,74173
2013-12-09,499,509,490.3,507.15,209005
2013-12-10,504,522,504,516.5,281327
2013-12-11,515.5,521,510.05,518.25,524416
2013-12-12,518,518,508.5,510.65,89850
2013-12-13,508,520,507,518.95,105117
2013-12-16,518,526.5,515.5,524.2,164238
2013-12-17,525,530,515.65,518,112896
2013-12-18,515,524.05,513.6,522.4,84821
2013-12-19,524.6,537.95,518.55,529.9,299817
2013-12-20,534.5,552,531,548.95,290803
2013-12-23,548,557,545.1,551.9,172863
2013-12-24,551,554.1,539,540.3,100195
2013-12-26,541.55,551,537,547.65,125691
2013-12-27,550,558,548,555.4,150121
2013-12-30,556.15,557.9,546.35,552.1,95332
2013-12-31,553,561.25,549.6,559.05,84740
2014-01-01,561.8,562.1,550.9,552.75,68519
2014-01-02,553,556.7,546,552.9,99678
2014-01-03,550.4,558.95,547.5,557.15,94446
2014-01-06,558.4,564.4,555.05,558.05,178799
2014-01-07,558.7,558.7,546.75,549.95,100131
2014-01-08,550.2,551.2,544,546.3,126135
2014-01-09,547,553.05,537.3,540.75,119621
2014-01-10,543.1,556.65,532,554.55,293412
2014-01-13,555,567.45,555,561.45,324335
2014-01-14,562.5,563,550,552.7,101310
2014-01-15,555,563.45,552.2,560.1,79480
2014-01-16,561,572.9,557,570.4,156653
2014-01-17,574.9,575.35,549.5,552.45,294963
2014-01-20,552.6,577.75,552.6,573.3,366612
2014-01-21,573.3,577.75,568.8,571.5,127950
2014-01-22,572,582,567,577.45,154582
2014-01-23,577.4,579.95,565,578.4,109142
2014-01-24,576,586.65,570.6,573.2,133996
2014-01-27,571,578.9,565,570.8,110575
2014-01-28,567,574,564.3,568,59204
2014-01-29,568,575.9,566.1,571.8,66291
2014-01-30,570.6,575,561.55,571.85,63215
2014-01-31,571.3,579,570,574.95,64210
2014-02-03,574,574,562.55,565.95,55824
2014-02-04,560.2,560.2,544.35,555.9,95903
2014-02-05,559,565,551.35,559.8,59006
2014-02-06,563,571.2,555.15,568.35,97960
2014-02-07,569,573.45,557,560.95,86949
2014-02-10,564.4,569.5,561.2,563.05,35532
2014-02-11,563.8,571,560.35,562.9,172679
2014-02-12,565,571,558,562.15,114881
2014-02-13,563,566.1,550.45,555.65,96400
2014-02-14,562.5,566.4,553.05,564,69587
2014-02-17,566,569.45,557.3,560.85,80084
2014-02-18,562.7,564.8,555,557.05,563546
2014-02-19,559,568,557.2,564.55,87917
2014-02-20,564,570.25,561.15,565.6,359557
2014-02-21,567.5,574.75,566.1,571.8,78534
2014-02-24,574.75,581.7,570.05,578.1,130864
2014-02-25,579.5,596.8,579.5,595.15,161151
2014-02-26,595.2,610.5,594.1,603.35,183583
2014-02-28,603.8,604.95,589.75,596.75,107754
2014-03-03,595,599.9,583.85,585.65,87134
2014-03-04,585.1,594.8,585.1,589.15,127563
2014-03-05,591.2,596,587.05,589.6,64425
2014-03-06,590.85,594.2,583.5,584.55,54993
2014-03-07,586.7,590,560,565.55,194577
2014-03-10,564.9,571.45,555.4,557.4,119541
2014-03-11,558.7,566.5,553.9,559.9,122098
2014-03-12,560.25,570,559.7,566.35,94720
2014-03-13,563.9,574.4,550.6,563.4,193915
2014-03-14,562,564.45,545,547.05,180863
2014-03-18,549.7,550.75,537.45,540.3,122624
2014-03-19,540.9,549.8,528.95,545,157365
2014-03-20,546,559.9,545.8,550.95,269757
2014-03-21,558,577.1,554.45,567.95,237043
2014-03-22,568,571.5,564.3,568.65,10996
2014-03-24,571,574.75,561.15,563.05,80156
2014-03-25,559.8,559.85,546.3,548.5,85089
2014-03-26,551.6,557.15,544.1,545.35,125115
2014-03-27,546,555,540,551.55,147334
2014-03-28,552.1,558.8,550.2,551.5,71962
2014-03-31,554,554,538.55,542.6,171744
2014-04-01,548,562.1,547,560.5,471036
2014-04-02,563.7,572.4,559.65,565.2,225827
2014-04-03,566,568,557.5,560.5,99353
2014-04-04,562.1,568.5,551.1,553.25,83093
2014-04-07,550.75,560.4,550,556.4,79325
2014-04-09,558,562,549.7,553.65,77209
2014-04-10,554,563.9,550.8,560.45,145670
2014-04-11,558.05,570.45,551.7,567.95,146469
2014-04-15,565,591.05,565,589,234914
2014-04-16,595,595,569,571.9,265873
2014-04-17,575.1,589,574.05,585.55,198799
2014-04-21,568.4,568.4,544,546.6,740942
2014-04-22,548,549.55,526.85,531.3,452444
2014-04-23,534.85,538,523.5,525,430239
2014-04-25,530,530,517,519.75,340244
2014-04-28,521,531,518.15,529.05,306519
2014-04-29,532,536.3,523.7,524.9,246571
2014-04-30,529,529.8,518.25,522,240124
2014-05-02,519.95,530.7,518.8,527.6,191255
2014-05-05,526,529.45,519,520.8,203617
2014-05-06,519.05,525,513.8,514.6,145643
2014-05-07,511.8,514.8,500.55,505.5,271614
2014-05-08,507,515.45,502.35,510.75,165428
2014-05-09,512,517.4,510,512.3,102917
2014-05-12,514.7,516,502.1,511.6,215477
2014-05-13,515,530.45,512.7,528.8,214263
2014-05-14,530,531.95,522.55,524.2,108448
2014-05-15,527.4,528,513.05,516.35,170310
2014-05-16,519.8,530,498.05,502.85,349197
2014-05-19,504,505,475.35,481.5,447885
2014-05-20,486,497,484.1,494.05,304287
2014-05-21,496,498.5,486.25,492.05,202449
2014-05-22,493,496,482.1,483.5,135584
2014-05-23,484.1,493.5,480.95,489,218547
2014-05-26,494.1,508.5,490.95,504.55,318645
2014-05-27,509,518.05,503.3,506.8,304819
2014-05-28,509.05,515.45,504.05,513.7,107845
2014-05-29,513,513.9,495.35,500.2,149992
2014-05-30,502,507.5,491.15,505,146732
2014-06-02,506.15,507,498,499.1,134729
2014-06-03,503,504,492.3,494.35,382170
2014-06-04,499.8,499.8,485.6,491.7,372289
2014-06-05,495,502.45,490.8,500.95,285695
2014-06-06,503,509,495.3,507.65,214404
2014-06-09,508,515.9,505.2,510.85,148926
2014-06-10,513,525.95,512.7,524.8,283980
2014-06-11,527.7,537,523.75,526.95,369682
2014-06-12,534.7,534.7,522.7,530.65,150181
2014-06-13,534,534.8,524,529,152882
2014-06-16,531.5,540,529.25,535.4,168940
2014-06-17,537,542,533.8,536,112011
2014-06-18,537,539.5,528.8,530.6,118210
2014-06-19,531,539.8,527,537.25,134406
2014-06-20,540,542.8,531.95,536.35,101906
2014-06-23,539,539,529.55,531.35,90772
2014-06-24,532.1,533.3,527.35,531.3,75458
2014-06-25,531.7,533.8,525.5,528.4,148393
2014-06-26,529,538.85,529,535.65,120113
2014-06-27,537.05,548.8,536.95,545.85,207642
2014-06-30,550,553.4,542,544.95,122786
2014-07-01,547,547,536.85,538.65,88120
2014-07-02,541,548.5,538.8,541.65,130179
2014-07-03,545.65,557.5,545.55,555.6,107073
2014-07-04,559,560,544,547.5,112241
2014-07-07,549.5,558.9,549.2,557.7,106823
2014-07-08,560,560,548,550.65,112036
2014-07-09,550,554.65,540.9,543.1,135532
2014-07-10,546,558,540.1,544.8,154425
2014-07-11,554,556,547.4,552.55,143640
2014-07-14,554.9,554.9,537.85,540.45,83454
2014-07-15,539,542.85,535,537.25,81519
2014-07-16,540.05,542.5,532.8,535.45,74728
2014-07-17,537,544.25,534.1,537.85,120594
2014-07-18,542,554.9,542,547.7,208638
2014-07-21,550.3,553.15,542.3,545.1,86910
2014-07-22,548,561,542.4,558.9,138352
2014-07-23,561,571.8,555,569.35,217030
2014-07-24,574.4,579.8,562.6,576.8,237734
2014-07-25,528,554.95,528,550.35,625158
2014-07-28,553,558.75,545.4,555.1,150867
2014-07-30,556,556.95,548.9,550.4,73267
2014-07-31,551.7,551.7,541.15,543.65,92535
2014-08-01,544.9,546.3,535,535.85,106332
2014-08-04,537,550,536.55,548.8,106102
2014-08-05,550,551.55,544.05,549.6,77984
2014-08-06,548.8,552,546.5,551.3,59909
2014-08-07,544.5,554.9,535.5,552.75,133873
2014-08-08,550.1,551.4,541.15,547.8,85068
2014-08-11,551.1,552,541.55,543.6,58056
2014-08-12,543,545.45,541,543.6,56062
2014-08-13,545.4,551.05,542.85,548.95,119226
2014-08-14,550.75,551.7,544.15,545.7,42596
2014-08-18,545,548.85,541.45,547.65,52661
2014-08-19,547.9,552,545,546.35,89184
2014-08-20,548.5,555,548,551.3,90011
2014-08-21,551.2,553.9,548,550.45,69633
2014-08-22,552,558.05,549,556.9,83462
2014-08-25,560,560.9,554.05,555.45,84914
2014-08-26,555.5,560.5,546.65,551.1,100846
2014-08-27,549.8,559.6,548,557.65,69826
2014-08-28,559,568,559,565.4,111338
2014-09-01,570,572.5,564,565.75,78063
2014-09-02,566.1,567,559.85,560.6,155800
2014-09-03,562,579.75,561,577.4,185148
2014-09-04,577.4,582,572.6,576.6,119473
2014-09-05,580,584,575.4,581.95,121198
2014-09-08,579.9,594,579.9,591.6,103936
2014-09-09,594,594,582.05,587.45,59193
2014-09-10,589,589.3,581.35,582.6,67061
2014-09-11,583,586.25,572.4,574.35,174215
2014-09-12,576,579.85,569.25,574.75,75601
2014-09-15,575.9,575.9,563.1,567.8,75111
2014-09-16,568.6,574.85,557,559.45,101183
2014-09-17,561.15,571.5,558.9,567.35,116556
2014-09-18,567.8,584.6,565.2,580.95,142167
2014-09-19,582,590.75,577,586.65,137442
2014-09-22,586,586.65,576.45,582.55,133083
2014-09-23,580,593.45,576.85,582.25,140358
2014-09-24,590,596,586.5,591.35,160523
2014-09-25,594,597.5,578.15,583.2,119173
2014-09-26,584.9,590.35,576.7,586.05,119245
2014-09-29,589.65,598.7,584.85,592.95,103660
2014-09-30,594.2,599.2,588.5,596.35,120697
2014-10-01,598,616.85,598,615.55,316503
2014-10-07,615,621.5,611.2,617.85,434568
2014-10-08,617.75,618.35,589,592.95,167867
2014-10-09,594,602,583.75,588.05,168929
2014-10-10,588.1,599,580.3,584.55,412578
2014-10-13,585,585.6,566,584.4,157240
2014-10-14,587.15,591.05,578.75,580.3,105710
2014-10-16,580,584.45,566,572,135785
2014-10-17,573.5,581,560.75,565.8,158657
2014-10-20,567.4,574.85,553.4,556.35,152170
2014-10-21,559.9,574.6,558,573.25,127636
2014-10-22,583,585.9,577.3,581.7,140010
2014-10-23,562.35,564,554.3,560.75,144541
2014-10-27,550,558.45,548,554.65,136110
2014-10-28,556,564,551,554.1,166399
2014-10-29,556.5,560,555,556.75,83337
2014-10-30,558.85,563.4,557.6,559.55,150685
2014-10-31,563.5,566.8,560,563.45,109093
2014-11-03,566,569.6,561.4,564.05,188357
2014-11-05,567.65,569,556.9,559,319756
2014-11-07,560.1,561.7,548.25,552.7,423331
2014-11-10,553.45,560,552.35,558.5,151648
2014-11-11,560.3,562.3,555.15,557.25,71290
2014-11-12,556.9,561.2,552.6,554.75,173539
2014-11-13,559.7,564.5,554.25,558.6,118788
2014-11-14,558.1,567.5,558.1,563.8,135967
2014-11-17,563.85,566.25,559.75,564.25,49077
2014-11-18,562.55,569,562.35,566.35,91841
2014-11-19,568.65,571.6,560.75,565.25,99882
2014-11-20,570,575,563.5,572.3,117431
2014-11-21,572.6,576.15,567.85,573.1,138478
2014-11-24,573,583,572.55,579.7,126939
2014-11-25,582,585.9,577,581.05,127770
2014-11-26,583,584.9,574.05,579.55,71426
2014-11-27,584,584.9,579.3,581.85,69361
2014-11-28,585.1,589.55,580.25,585.5,96501
2014-12-01,588,600.55,587.5,592.6,140118
2014-12-02,590.05,594.85,584,590.65,98365
2014-12-03,590,595.8,585.3,592.3,62796
2014-12-04,592.3,595.25,589.25,591.15,43470
2014-12-05,591,591,577,578.2,86543
2014-12-08,578,580.5,567.1,568.85,81184
2014-12-09,569,575.9,555.25,556.8,116784
2014-12-10,557,560,551.25,552.1,105395
2014-12-11,552.9,553.5,544,546.45,166200
2014-12-12,547.2,553.65,540.35,543.6,127911
2014-12-15,538.45,545.6,524.85,541.55,129885
2014-12-16,540,549.45,535,536.3,119400
2014-12-17,542,542.9,528,535.7,283689
2014-12-18,541,541,532.35,537.9,65070
2014-12-19,543,553,543,550.45,62884
2014-12-22,552.6,557,549.25,555.3,104922
2014-12-23,555.3,555.3,549.7,552.6,44078
2014-12-24,555,555,542.5,548,150135
2014-12-26,547,548.4,541.35,547.7,48577
2014-12-29,548,551.8,547,550.4,65709
2014-12-30,550,554.75,548.5,551,49789
2014-12-31,551.5,555,550.55,553.8,159787
2015-01-01,553,554.75,550.95,552.3,41524
2015-01-02,552.1,560.1,552.1,557.25,61199
2015-01-05,558.5,564.85,553.6,557.5,74985
2015-01-06,562.4,562.4,542.5,545.45,127122
2015-01-07,545,545.5,539.15,542,147262
2015-01-08,558.5,560,543,545.05,83879
2015-01-09,547.5,559.5,543.65,553.45,186784
2015-01-12,552.45,557.8,548.1,556.3,50523
2015-01-13,557,566.75,555.1,562.85,101072
2015-01-14,564,569.2,550,552.4,125592
2015-01-15,560,563.75,552.7,559.65,69936
2015-01-16,560,563.2,552,555.25,126327
2015-01-19,588,598.45,582.2,584.45,484470
2015-01-20,587,594,583,590.45,121736
2015-01-21,591,594.8,577,587.55,512457
2015-01-22,588.55,597.25,585,594.45,150607
2015-01-23,598,603.5,590.6,601.5,190233
2015-01-27,600.1,605.45,596,597.85,107785
2015-01-28,598,611,596.6,606.7,89977
2015-01-29,607.5,614,599.85,601.55,132997
2015-01-30,605,610.95,597.95,606.3,94513
2015-02-02,610,626.9,609,625,245378
2015-02-03,624.5,628.5,618.25,621.8,92378
2015-02-04,624.4,629.5,615.8,617.65,92706
2015-02-05,619,643.2,619,637.3,398004
2015-02-06,638,654.45,638,641.5,230598
2015-02-09,641.4,650,635,648.3,115831
2015-02-10,647,652.4,638.1,643.25,95634
2015-02-11,645,648.6,633.3,639.85,82641
2015-02-12,640.15,652.75,640.15,646.45,138186
2015-02-13,646.9,663.5,646.9,660.35,159302
2015-02-16,661.2,667.5,660.25,661.4,85600
2015-02-18,663,670.8,655.9,668.6,92078
2015-02-19,669,669,655.4,659.5,116553
2015-02-20,660,661,648.25,650.25,64734
2015-02-23,652,657.7,644.5,649.2,52573
2015-02-24,645,659.7,644,652.55,82006
2015-02-25,659,665.6,652.05,663.7,74570
2015-02-26,664,669.5,651.3,656.8,118204
2015-02-27,657,658.4,649,654.45,99913
2015-02-28,660,662.4,651.5,659.25,156648
2015-03-02,659.7,674,654.55,663.5,162884
2015-03-03,664.65,676.5,663.3,671.95,157537
2015-03-04,673.05,673.05,655.2,658.2,80035
2015-03-05,660.85,669.9,658,667.65,71541
2015-03-09,664,666,656.25,659.75,56375
2015-03-10,662,664,645.05,655,62594
2015-03-11,655.65,676.9,650.35,654.25,200774
2015-03-12,657.9,657.9,646.4,654.8,125055
2015-03-13,662,662,632,637.5,110469
2015-03-16,642,650.45,636.4,646.4,84189
2015-03-17,650,652.85,638.8,642.5,105002
2015-03-18,644.85,646.35,628.1,630.5,88488
2015-03-19,634.2,642.25,631,633.35,71765
2015-03-20,635,656.25,635,651.85,195802
2015-03-23,652.1,660,642.05,644.2,83543
2015-03-24,640.15,657,640.15,651.55,72305
2015-03-25,652.5,663,646.55,660.4,74401
2015-03-26,650.25,657.1,630.2,633.9,79371
2015-03-27,634,641.3,608.25,612,112036
2015-03-30,625,625,616.3,623.5,43062
2015-03-31,625,633.5,618.75,627.8,54818
2015-04-01,625.35,635.7,620.25,631.3,67057
2015-04-06,629,629,617.5,620.25,94454
2015-04-07,622,628,609,615.25,299424
2015-04-08,615.6,623,613.95,617.15,166816
2015-04-09,620,624,612,616.95,154556
2015-04-10,618.5,621.9,614.25,617.65,63078
2015-04-13,618,624.4,615,623.45,72084
2015-04-15,621,622.25,603,606.6,104768
2015-04-16,607.1,607.6,591.15,601.35,114214
2015-04-17,598,598,585,586.55,89615
2015-04-20,584,590.7,570.6,574.95,82510
2015-04-21,570,588.7,551.05,578.8,252304
2015-04-22,561.7,563,541.75,544,547704
2015-04-23,547,548,532.6,534.45,229086
2015-04-24,535,538.65,512.55,523.1,216764
2015-04-27,530,535,518,533.1,149238
2015-04-28,532,537.75,525,531.45,155987
2015-04-29,534,546.4,530.25,541.4,145787
2015-04-30,541,541.8,533.5,538.55,82137
2015-05-04,545,545,535,541.7,99304
2015-05-05,544.3,548.4,541.6,544.85,139649
2015-05-06,543.5,543.5,529.4,532.7,394737
2015-05-07,531.35,540.95,525.75,538.4,145407
2015-05-08,544,544.5,536.5,541.15,147780
2015-05-11,542,545.15,537.3,540.8,144307
2015-05-12,542,543.2,531.3,533.9,64872
2015-05-13,545,545,529.8,542.15,83100
2015-05-14,542.25,542.25,533.6,536.8,116042
2015-05-15,537.1,541.7,534.8,538.2,96297
2015-05-18,540,545.25,535.25,543.9,95504
2015-05-19,545.4,554.75,543.9,552.85,99950
2015-05-20,554.4,565,553.05,564.1,124854
2015-05-21,564,566.7,558.75,564.35,134147
2015-05-22,563,563.4,555,560.65,86050
2015-05-25,560,577,558,562.95,368472
2015-05-26,567,567,557,558.85,59177
2015-05-27,557,557.7,546.75,553.05,66890
2015-05-28,555.1,557.6,542.35,554,85897
2015-05-29,555,564.95,555,561.6,126648
2015-06-01,563,567.15,558,562.65,88122
2015-06-02,564,564,546.05,548.4,102855
2015-06-03,554.6,559.95,543.9,545.5,77396
2015-06-04,549.3,560,547.55,553.05,87066
2015-06-05,554.4,564.9,551.2,555.7,78072
2015-06-08,557,561.5,551,553.5,46496
2015-06-09,552,557.45,542.65,543.75,42373
2015-06-10,545,566.45,542.25,563.3,76921
2015-06-11,564.25,565.65,544.05,547.55,60688
2015-06-12,547.6,554.05,529.35,537.3,169525
2015-06-15,537,547.7,532.55,540.9,91351
2015-06-16,541.9,546,535.1,539.8,42455
2015-06-17,542.4,552.75,541,545.8,60408
2015-06-18,546.9,560.25,544.8,556.4,95792
2015-06-19,557.1,578.4,557.1,563.1,252841
2015-06-22,561,563.9,553.15,561.35,150663
2015-06-23,564,564,555,557.8,223544
2015-06-24,559,567.35,556.85,565.3,316134
2015-06-25,565,565,550.4,553.8,216332
2015-06-26,555.55,561.15,555.3,558.8,73972
2015-06-29,551,554,542.35,551.95,128739
2015-06-30,550,554.1,544.05,544.15,552560
2015-07-01,546,555.9,540.35,552.35,239731
2015-07-02,553.35,560.45,549.2,555.3,85988
2015-07-03,560,560,548.3,549.85,97407
2015-07-06,546,551.75,544.5,549.8,60271
2015-07-07,553.9,562,552.45,553.45,67177
2015-07-08,551.95,558.5,549.25,553.3,97868
2015-07-09,553.3,555.9,543.15,544.65,32802
2015-07-10,548.1,554.35,545.65,548.6,86938
2015-07-13,551.9,562,550,560,51581
2015-07-14,558.5,568.75,556.15,566.5,58291
2015-07-15,569,580,568,577.85,81869
2015-07-16,587,587,571.9,573.25,582618
2015-07-17,577,579.5,565.5,568.6,263381
2015-07-20,569,572.6,562.5,567.4,502688
2015-07-21,572.8,585.3,569.5,577,114683
2015-07-22,580,588.5,576.55,585.35,94691
2015-07-23,588,594,575,588.4,204435
2015-07-24,588.8,588.8,565,566.45,177822
2015-07-27,569,570,560,561.25,99376
2015-07-28,561.25,562.4,553.65,556.65,61375
2015-07-29,559.7,567.5,557.65,564.35,42445
2015-07-30,565,569.5,556,561.15,54144
2015-07-31,562.5,570.75,562.5,569.15,88711
2015-08-03,570,575.95,569.15,570.5,44671
2015-08-04,570,570,557.5,558.2,326664
2015-08-05,564.1,576.25,560.35,574.6,68476
2015-08-06,575.25,578.85,569.1,571.4,47931
2015-08-07,572,575.5,565.8,569.1,34672
2015-08-10,569.9,573.05,560.25,563.65,43044
2015-08-11,564,570,555.7,566.25,56310
2015-08-12,560,580.6,560,576.15,112392
2015-08-13,579,579,566.6,570.85,74132
2015-08-14,572.1,577.5,567,574.5,53515
2015-08-17,579.7,579.7,569.1,576,46280
2015-08-18,576,587.35,569.4,571.3,117995
2015-08-19,575,585.95,572.95,583.6,93895
2015-08-20,580,585.15,572.65,575.8,273250
2015-08-21,575,577,564,576.2,90337
2015-08-24,569.95,573.25,537.2,544,137052
2015-08-25,550,560,529.55,541.85,131464
2015-08-26,550,558,543.05,549.75,73252
2015-08-27,553,556.7,547,550.7,30977
2015-08-28,551.35,564.3,551.35,563.05,64765
2015-08-31,566,574.1,560.5,571.45,134505
2015-09-01,570.2,570.2,559.05,562.85,51807
2015-09-02,565.05,568.7,550.1,555.9,47480
2015-09-03,560,568,558,566.7,42700
2015-09-04,568,571,547.45,553.7,93430
2015-09-07,554,556.1,544,551.9,45680
2015-09-08,545,564,545,562.3,63604
2015-09-09,569,573.45,558.55,561,57442
2015-09-10,561,561,550,551.4,128259
2015-09-11,555,562.5,554.25,557.3,47137
2015-09-14,560,572.25,559.15,570.75,61518
2015-09-15,567.5,573,562.25,569.85,48479
2015-09-16,573.2,580.25,572,579.05,91731
2015-09-18,580.4,593,580.4,590.3,88298
2015-09-21,586,596,584.25,592.3,450206
2015-09-22,594,604.25,588.6,594.65,117976
2015-09-23,587,596.75,582.05,592.25,66816
2015-09-24,593.9,604.7,587.6,602.9,98279
2015-09-28,600,600,590.15,592.5,44067
2015-09-29,592,597.9,585,587.75,53589
2015-09-30,596,599,592.5,597.15,104119
2015-10-01,598,613,597,599,103504
2015-10-05,600,609.5,596.8,600.1,76769
2015-10-06,601,609.55,597.4,599.75,75449
2015-10-07,600,600,585.35,589.1,75883
2015-10-08,590,596.7,586.05,589.85,73273
2015-10-09,586,595.7,585.3,592.25,49649
2015-10-12,600,600,582.25,583.9,56110
2015-10-13,584.6,593.5,583.55,585.4,33644
2015-10-14,585,593.9,581,582.65,51908
2015-10-15,588,588.1,576.35,577.65,39879
2015-10-16,578,581.95,566.25,577.05,71570
2015-10-19,578.6,584,571.5,577.3,38585
2015-10-20,577.55,579.5,570.55,571.95,62740
2015-10-21,576.9,579.25,571.8,577.9,65081
2015-10-23,577.8,577.8,565.25,568.2,120643
2015-10-26,568.2,574.25,566,569.3,127977
2015-10-27,566.1,577,566.1,575.2,162550
2015-10-28,574.4,580.95,569.9,578.4,62777
2015-10-29,573.1,578.7,571,574.25,38464
2015-10-30,574,578.45,570.05,573.3,81139
2015-11-02,574.4,577.25,568.5,574.8,39358
2015-11-03,575,579.25,571.8,574.25,22743
2015-11-04,577,578.5,571.75,573.35,60470
2015-11-05,572,575.2,569.35,572.05,109420
2015-11-06,571.7,572.95,567.25,571.55,54000
2015-11-09,569,569,556.8,560.15,66102
2015-11-10,560,561.45,551.9,556.35,40704
2015-11-11,556.35,561.1,556.35,557.35,6443
2015-11-13,555.7,555.7,550.5,551.5,47110
2015-11-16,551,557.75,542.85,553.05,30440
2015-11-17,555,557.3,551.05,555.55,42361
2015-11-18,555.85,558,551.4,554.3,45764
2015-11-19,555.95,562.45,553,557.45,53396
2015-11-20,562,575,561.8,568.2,84203
2015-11-23,571,576.2,568.25,570.3,65178
2015-11-24,570,577.65,561.85,563.9,157545
2015-11-26,563.85,572.5,562,569.85,46407
2015-11-27,569.05,572.3,565.2,570.15,24790
2015-11-30,570,576.45,567.75,572.7,84099
2015-12-01,578.15,587,578.15,581.45,82002
2015-12-02,582.05,585.65,576.35,577.75,32873
2015-12-03,587,587,569.35,572.15,80076
2015-12-04,572.8,572.8,562.8,569.8,193778
2015-12-07,570,576.85,567.75,575.05,28725
2015-12-08,578,578,565.2,568.85,67831
2015-12-09,565.6,573.65,563.05,565.15,38826
2015-12-10,569.8,569.8,559.5,565.4,40763
2015-12-11,566,567.95,560,566.2,29808
2015-12-14,566,572,560.25,567.3,55110
2015-12-15,567,568,556.75,558.6,102963
2015-12-16,553,559.15,553,555,186065
2015-12-17,555,558,554.05,556,268792
2015-12-18,553.2,557.2,550.9,554.4,69722
2015-12-21,553,558.65,549,556.05,63307
2015-12-22,556,556.4,552.55,555.65,38711
2015-12-23,558.7,559.2,553.85,555.8,30011
2015-12-24,555.8,559.9,554.5,555.95,31397
2015-12-28,556,562.75,556,560.55,39342
2015-12-29,558.5,567.9,558.5,563.55,42145
2015-12-30,564.1,567.75,556,558.2,27503
2015-12-31,558.25,563.5,557.25,559.8,40928
2016-01-01,558,558.75,554.55,556.4,48595
2016-01-04,560,560,555.4,557.95,268278
2016-01-05,561,564,554.5,557,72168
2016-01-06,557,559.7,553.8,555.25,73067
2016-01-07,553,557.4,547.5,549.8,302121
2016-01-08,552,558,550,556,216378
2016-01-11,555,555,535,537.8,46855
2016-01-12,538.4,550.4,531.25,549,204077
2016-01-13,551,551,540.25,546.3,92491
2016-01-14,541.8,547.3,536.25,545.4,308849
2016-01-15,549.8,549.8,537.1,543.45,62737
2016-01-18,537.3,550.2,531,547.35,154996
2016-01-19,545,551.35,538,541.75,48130
2016-01-20,545,545.15,534.05,542.15,125329
2016-01-21,542.15,554.95,542,550.7,113995
2016-01-22,556,557,547,550.3,60846
2016-01-25,548.95,549,544,546.85,25513
2016-01-27,550,555,546,552.45,38814
2016-01-28,552.55,552.55,544.25,547.15,88863
2016-01-29,548.9,563,548.3,561.2,92164
2016-02-01,562.05,573.25,556.95,566.45,58134
2016-02-02,571,571.8,563.45,566.5,51288
2016-02-03,564.45,565.65,553.7,556.55,21005
2016-02-04,558.6,562.7,554,559.6,28880
2016-02-05,555,565.6,555,558,42997
2016-02-08,558,561,542.6,545.45,53101
2016-02-09,541,541,533.2,536.05,340012
2016-02-10,539.1,539.1,528,532.3,39259
2016-02-11,535.3,535.3,513,516.1,45384
2016-02-12,522,529.5,509,517.2,78428
2016-02-15,520,527.6,519,525.9,40660
2016-02-16,531,531,521.7,526.6,40872
2016-02-17,527,529,517.8,527.35,45410
2016-02-18,531.5,542.75,531.1,541.05,48862
2016-02-19,536,549,536,547.35,71713
2016-02-22,548,548,537,542.9,58169
2016-02-23,541.5,543.05,536.05,539.6,31783
2016-02-24,542.35,542.9,531.15,534.1,113666
2016-02-25,536,538,522.25,532.65,31701
2016-02-26,539,541.5,527.5,531.6,19712
2016-02-29,530,532,508.9,519.9,93399
2016-03-01,523.25,539,522.5,535,49448
2016-03-02,540,543,530.5,539.85,60742
2016-03-03,540.1,548,537.4,542.1,125944
2016-03-04,545,545,535.1,536.8,38284
2016-03-08,538,543.9,534.25,541.25,78771
2016-03-09,544,544,533.55,538.45,110655
2016-03-10,538.05,538.45,533.25,536,42884
2016-03-11,536.95,541,535.75,540.9,321438
2016-03-14,544,544,536.65,539.55,42643
2016-03-15,543,543,528.35,534.9,385209
2016-03-16,535.4,541.1,530.4,538.95,72425
2016-03-17,540,543.3,535.6,538.25,59585
2016-03-18,541.05,554,541.05,546.65,670374
2016-03-21,550.05,563,542.25,557.35,83849
2016-03-22,558,558,551.4,553.05,69169
2016-03-23,553,559,546.5,555.85,65083
2016-03-28,556,563.35,550,555.05,48806
2016-03-29,557.6,558.2,548.2,552.8,66992
2016-03-30,553.7,563.05,551.3,561.2,70467
2016-03-31,563,567,557.8,563.35,45848
2016-04-01,565.2,572.25,557.85,561.5,76478
2016-04-04,570,570.85,564,566.05,21275
2016-04-05,566.05,566.45,557.9,559.55,22806
2016-04-06,555,562,553,561.35,223606
2016-04-07,557.6,560.25,550,552.4,37200
2016-04-08,549.9,551.65,546.5,546.9,439734
2016-04-11,549,567,542.1,565.25,54485
2016-04-12,566,570.05,561.9,568.2,52582
2016-04-13,583.75,591.95,578.85,584.6,266097
2016-04-18,588.1,594.5,580.5,589.15,138418
2016-04-20,595,606.75,589.55,601.35,883807
2016-04-21,570.05,578,556.55,559.2,846761
2016-04-22,560,562.75,555,557.7,709503
2016-04-25,560,561.95,551.15,552.4,112019
2016-04-26,553.2,558,550.5,554.7,119235
2016-04-27,554.7,562,552.7,560.95,103495
2016-04-28,560,563.9,550.85,553.6,95160
2016-04-29,554.8,557,549,553.7,87590
2016-05-02,557,557,545.95,548.25,86095
2016-05-03,548.6,550,540.1,543.55,103437
2016-05-04,541,542.75,537.5,539.8,101677
2016-05-05,539.5,545,537.25,543,72523
2016-05-06,545,546.5,531.75,532.6,404726
2016-05-09,533.45,540.1,532,538.9,98470
2016-05-10,541.2,541.9,534.7,538.6,78453
2016-05-11,540,540,534,537.15,44697
2016-05-12,540,543,536.05,542.1,49347
2016-05-13,545,545,536.4,539.6,54282
2016-05-16,540,543.4,536.7,540.95,38666
2016-05-17,543,543,539,540.6,47808
2016-05-18,540.65,540.65,535,538.95,100844
2016-05-19,540.25,543.85,537.6,542.7,56774
2016-05-20,543.25,547.75,542.1,543.25,59751
2016-05-23,543.3,543.75,539,540.1,34775
2016-05-24,540.8,540.8,535.6,538.1,29423
2016-05-25,541.8,547.45,539.25,546.25,52858
2016-05-26,546.5,548.4,543.25,545.1,72082
2016-05-27,546,550.8,544,545.9,80249
2016-05-30,545,552.5,544.7,550.3,44065
2016-05-31,550,552,545.35,546.2,33967
2016-06-01,547.4,554.3,547.3,553.25,31397
2016-06-02,559.9,559.9,534.7,540.25,217322
2016-06-03,541.25,543.5,539.5,541.05,52986
2016-06-06,541,541,534.45,535.95,179811
2016-06-07,542,545,537.25,539.65,193158
2016-06-08,542.9,545,540,543.75,41414
2016-06-09,545.1,546.05,542,544.9,32512
2016-06-10,543,546.7,543,544.95,64117
2016-06-13,540,544.45,539.2,540.55,32749
2016-06-14,541.9,542.5,540.05,541.95,48774
2016-06-15,544.8,547.5,542.55,546.6,39512
2016-06-16,546.6,551,542,549.85,648863
2016-06-17,553.95,554.1,549.6,552.2,74216
2016-06-20,554.8,557.75,545.65,556.95,94238
2016-06-21,559.9,561.75,554.75,560.25,83273
2016-06-22,563,564.5,559.75,562.85,57490
2016-06-23,563,564.8,559.5,563.55,32650
2016-06-24,553.55,557.25,547.9,555.95,1404467
2016-06-27,556.9,556.9,547.25,549.1,3513984
2016-06-28,546,546.75,541.25,542.4,301456
2016-06-29,543,557,542.55,554.4,65530
2016-06-30,555,562,555,558.35,45209
2016-07-01,565.8,565.8,556.95,558.45,35216
2016-07-04,560,564,558.5,560.1,43905
2016-07-05,560,568,556.05,562.15,216365
2016-07-07,566.1,567.5,558,558.9,61827
2016-07-08,558,563.8,554.25,562,2049114
2016-07-11,565,570.15,563.6,567.4,495764
2016-07-12,569.85,570.8,565.4,569.55,47121
2016-07-13,572,577.5,570,573.9,82718
2016-07-14,570,573.7,568.55,570.7,35528
2016-07-15,569.05,574.9,553.5,554.65,132600
2016-07-18,557,557,545.25,552,101003
2016-07-19,548,553.35,545,549.4,123103
2016-07-20,511,542,511,538.6,666724
2016-07-21,539.9,545,539,541.7,1434705
2016-07-22,540,540.75,535,537.45,1028632
2016-07-25,537.45,543.3,535.5,542.4,63113
2016-07-26,542.9,550.9,541.75,546.85,2425499
2016-07-27,546.9,552.45,542.45,548.6,326740
2016-07-28,548.5,556,544.25,553.3,57642
2016-07-29,552,552.15,543,545.3,51595
2016-08-01,545.5,561.5,545.3,558.65,94829
2016-08-02,558.65,559,548,550.5,45572
2016-08-03,552,554.9,546.75,548,141976
2016-08-04,553,553,546,548.4,46217
2016-08-05,547.3,552.75,544.75,544.85,316733
2016-08-08,547,552.05,547,549.05,366024
2016-08-09,546.6,551.9,546.05,550.4,45949
2016-08-10,551,551.2,540.4,542.35,39485
2016-08-11,541,547.45,540.1,543.7,68305
2016-08-12,546,549.25,542,543.75,62811
2016-08-16,540,546,535,536.25,1843819
2016-08-17,536,538.1,527.9,528.75,216171
2016-08-18,531,532,523.25,524.8,63174
2016-08-19,529.2,530.15,520,520.6,119574
2016-08-22,519,520,514,515.3,93484
2016-08-23,516,520.6,515.3,519.55,99420
2016-08-24,520.1,524,517.5,519.85,155846
2016-08-25,519.6,519.6,504,505.1,187911
2016-08-26,504.9,506.35,488,489.95,414557
2016-08-29,491,492.1,476,478.55,406110
2016-08-30,479.9,490,478.5,489.1,963638
2016-08-31,490,495.9,486.5,490.5,202019
2016-09-01,492.5,492.5,481.55,483.7,127692
2016-09-02,483.95,485.25,479.75,483.35,68322
2016-09-06,485.1,485.6,480.25,482.8,117717
2016-09-07,486.8,489,481.5,482.15,131667
2016-09-08,478,480,470.25,473.6,765754
2016-09-09,476,482.85,474.3,480.65,251455
2016-09-12,477,483.5,473.05,481.3,406839
2016-09-14,483,484.6,476,478.15,105215
2016-09-15,482.5,482.5,474.25,478.35,328004
2016-09-16,479.2,482.3,477.6,479.8,366175
2016-09-19,481,482,476.4,480.4,113257
2016-09-20,480.4,481.5,478.1,480.2,92716
2016-09-21,484.5,484.5,480.1,483.25,77173
2016-09-22,484.1,485.15,480,481.5,52198
2016-09-23,482.5,484.05,479.05,480.2,1189752
2016-09-26,481.5,482,476.3,478.8,74017
2016-09-27,480.5,485.05,479,484.4,113108
2016-09-28,484.05,484.6,480.2,483.4,40276
2016-09-29,483.4,484.4,470,472.45,196514
2016-09-30,479,479.85,473.25,477.65,59954
2016-10-03,479,479.75,474.25,478.55,38366
2016-10-04,480.5,484.9,479.25,481.5,77090
2016-10-05,484,484,476.5,478.95,96797
2016-10-06,479.5,480.5,476.5,477.7,192884
2016-10-07,478.1,479.5,475.1,476.6,29335
2016-10-10,476.6,479.75,476.1,476.95,36015
2016-10-13,477,478,474.1,477.1,78015
2016-10-14,477.2,483,473.3,474.5,35451
2016-10-17,474.7,475.8,470.1,471.5,54169
2016-10-18,473.55,486.5,473.1,481.35,57871
2016-10-19,482.1,496.7,482.1,494.55,181992
2016-10-20,495.2,500.7,492.3,495.5,117271
2016-10-21,500.7,504.3,493.9,499.2,204152
2016-10-24,491,494.8,478.1,483.75,676652
2016-10-25,483.95,483.95,479.65,481.25,61611
2016-10-26,480,480,471.5,472.4,100029
2016-10-27,472,472,461.25,462.65,102937
2016-10-28,463.4,466,454.1,461.7,122419
2016-10-30,466,466.4,464,465,21858
2016-11-01,464,466.5,460.1,460.9,45916
2016-11-02,460,460.7,452.8,457.95,52809
2016-11-03,457.95,457.95,446.15,448.35,85432
2016-11-04,447.95,454.5,444.25,452.45,227270
2016-11-07,455,456,448.55,450.95,53484
2016-11-08,452,455.85,447.25,452.95,105053
2016-11-09,437,450,410,447.2,133568
2016-11-10,450,453.55,443.75,444.7,103975
2016-11-11,442,444.5,434.4,441.4,89904
2016-11-15,445,462,439.65,448.05,534908
2016-11-16,451.5,454,440.8,444.1,80210
2016-11-17,447.9,447.9,434.7,439.7,71378
2016-11-18,440,442.9,433.4,437.1,52225
2016-11-21,438,443.7,437.95,441.65,52559
2016-11-22,443,452.4,439,449.9,67772
2016-11-23,455,455,443,448.15,60596
2016-11-24,449.95,455,446.5,450.95,116294
2016-11-25,455,467.2,451.45,464.9,144242
2016-11-28,467,467.5,456.35,461.45,76422
2016-11-29,461.45,466.4,461,464.25,86873
2016-11-30,466,470.35,462.55,465.1,71376
2016-12-01,468,469.55,465,467.65,48900
2016-12-02,475,475,458.8,460.1,60408
2016-12-05,462,462,453,456.45,69305
2016-12-06,457.1,462.7,455.1,457.6,38311
2016-12-07,458,459.4,452.3,453.2,46987
2016-12-08,461.55,461.55,454.5,458.85,73768
2016-12-09,458,460.95,457,458.7,74369
2016-12-12,457.95,457.95,452,454.2,84447
2016-12-13,454.3,464,454.3,463.6,57946
2016-12-14,464,469.9,463.45,465.05,52617
2016-12-15,467.9,472,463.15,466.6,62728
2016-12-16,466.6,471,460.45,463.7,86193
2016-12-19,463.7,466.25,462.15,463.05,36995
2016-12-20,463.2,468,461.75,466.8,38619
2016-12-21,466.15,470,461,462.55,46163
2016-12-22,462.25,466,459.5,461.35,148434
2016-12-23,460.15,463,455.85,458.95,37998
2016-12-26,458.05,460.8,452.8,456.05,38913
2016-12-27,455,465,453.75,464,34406
2016-12-28,462,474.7,462,469.35,221500
2016-12-29,467,477,465,472.2,78561
2016-12-30,473,476.5,471.05,474,32448
2017-01-02,475,478.1,471.25,472.65,63725
2017-01-03,471.2,473.75,465.95,467.5,84601
2017-01-04,468,478,466.7,475.75,129773
2017-01-05,476.1,485.75,476.1,480.35,125589
2017-01-06,477.4,480.05,468.3,469.9,85808
2017-01-09,470,473.55,462.25,472.65,46184
2017-01-10,472,478.9,471.55,476.5,61102
2017-01-11,475,481,475,476.1,82085
2017-01-12,476,484.3,474,483.35,158868
2017-01-13,483,486,480.2,484.7,118368
2017-01-16,482.15,487.1,480,483.2,80667
2017-01-17,484.7,487.25,479.1,480.65,97853
2017-01-18,482,486.95,478.75,481.75,82727
2017-01-19,483.6,483.85,475.05,477.9,497101
2017-01-20,477,479.25,475.15,477.3,142763
2017-01-23,477.3,483.9,470.9,479.3,187862
2017-01-24,480.2,482.95,476.05,481.1,52125
2017-01-25,479.1,482.9,471.2,473.45,81265
2017-01-27,469.9,473.25,464.35,466.1,557690
2017-01-30,462,466.4,457.45,464.65,253348
2017-01-31,464,464.65,445.55,457.1,134201
2017-02-01,457.5,459,449.7,455.25,80427
2017-02-02,455,457.35,446.2,455.2,152503
2017-02-03,455.2,458.3,454.2,456.7,195766
2017-02-06,455.5,462.5,455.25,461.05,186153
2017-02-07,464,464.6,455.65,457.55,103047
2017-02-08,456,464.6,455,460.1,138125
2017-02-09,460,465,458.05,464.65,84835
2017-02-10,464.65,471.8,464.65,468.1,86078
2017-02-13,466.3,476,466.3,474.95,112502
2017-02-14,475.2,478,472.1,474.9,72142
2017-02-15,475.05,478.7,468.95,474.6,49964
2017-02-16,476,481.1,474.5,480.6,64651
2017-02-17,480,483.35,474.35,475.7,63397
2017-02-20,470,477.95,470,475.55,35534
2017-02-21,476.1,480.5,473.55,475.55,48976
2017-02-22,477,477,470.7,473.55,27057
2017-02-23,474.5,489.8,472,485.55,92464
2017-02-27,486,492.75,480.1,488.8,73289
2017-02-28,490.95,492.45,487,488.5,87684
2017-03-01,488.95,494.8,486,488.15,66191
2017-03-02,493,495,487.15,489.25,78694
2017-03-03,490,494.45,487,492.4,48461
2017-03-06,494,494,488.7,491.85,62936
2017-03-07,492,499.2,491.35,493.8,89996
2017-03-08,494,494.75,489.5,493.9,36900
2017-03-09,492,492.1,483.2,484.2,70941
2017-03-10,489,489,484.1,486.95,21398
2017-03-14,490,503,489.45,500.45,74385
2017-03-15,505,505,491.5,493.5,77455
2017-03-16,500,501.1,494,499.55,713068
2017-03-17,504,506.05,499.1,503.75,726145
2017-03-20,503.75,503.75,494.9,496.85,1305600
2017-03-21,497,501.6,493.9,497.6,1359833
2017-03-22,495,502.85,492.15,501.55,2064713
2017-03-23,501.55,511,501,509.55,3712043
2017-03-24,510,514,510,512.5,4448756
2017-03-27,512,512.2,502.6,503.45,3488754
2017-03-28,509,510.7,503.25,507.55,1590683
2017-03-29,508,512.3,502,510,816893
2017-03-30,510,517.8,508.5,515.75,56399
2017-03-31,512,517.5,510.2,515.35,69377
2017-04-03,515.7,515.7,505.5,507.1,89236
2017-04-05,507.1,511.45,503.05,510.55,74641
2017-04-06,510,515,506.45,513.4,74521
2017-04-07,512.45,513.65,509.05,511.75,85631
2017-04-10,510,517.2,501,503.35,92200
2017-04-11,506,511.45,500.75,509.95,45877
2017-04-12,510,510,499,501,258058
2017-04-13,501.1,504,492.3,494.8,146163
2017-04-17,494.8,495.75,490.05,491.8,31947
2017-04-18,491.8,497.45,491.3,493.95,27363
2017-04-19,494,499.35,490.5,498.2,189283
2017-04-20,498.2,505,496,500,372297
2017-04-21,500,503.15,486.8,493.2,33309
2017-04-24,490,494,484.75,491.8,89867
2017-04-25,499,499.9,489.3,494.55,136849
2017-04-26,504,513,489,490.6,1206650
2017-04-27,492.5,498,488.65,495.7,167720
2017-04-28,495.75,497.6,490.15,494.1,94311
2017-05-02,495,497.85,493,495,58562
2017-05-03,497,499.2,494.4,496.15,325523
2017-05-04,497,499.95,495.05,498.8,74149
2017-05-05,499.9,499.9,496.1,498.45,55915
2017-05-08,500,504.9,496.8,502.6,84479
2017-05-09,503.35,509.4,500.4,508.7,113631
2017-05-10,508.5,510.55,499.25,500.35,104321
2017-05-11,501.55,509,500.55,504.8,94983
2017-05-12,504.8,507.45,503.75,506.8,51233
2017-05-15,507,508.15,502.1,506.25,58167
2017-05-16,506.25,516.3,505.8,514.8,137423
2017-05-17,515,517,505.6,506.05,859692
2017-05-18,507,527,507,523.6,1284717
2017-05-19,518,527.1,517.9,519.3,68120
2017-05-22,521.7,523.15,508,520.7,371868
2017-05-23,522.35,528.75,520.2,525.4,113070
2017-05-24,527,532.2,520.35,524.95,642764
2017-05-25,524.95,537,524.95,534.95,68299
2017-05-26,535,544.9,531.6,538.9,91827
2017-05-29,540,540,530.2,534.4,41099
2017-05-30,533.65,539.8,529.1,535.45,46055
2017-05-31,534,540,533.15,537.15,57429
2017-06-01,537.9,544.9,534.75,541.75,62480
2017-06-02,544.4,554,540.65,551.95,85384
2017-06-05,551.9,558,546.7,555.6,576170
2017-06-06,555,567.85,552.3,560.65,750997
2017-06-07,560,562,536,548.85,427795
2017-06-08,550.9,552.75,542.3,545.55,104330
2017-06-09,541,543.5,531.3,536.75,226791
2017-06-12,540,540,520.25,526.3,183605
2017-06-13,261.8,266.7,257,259.35,293607
2017-06-14,261,261.3,252.45,256.05,297661
2017-06-15,260.05,262,255.2,260.8,329184
2017-06-16,261,263,253.1,254.95,254645
2017-06-19,256.9,257.5,253.55,254.35,158326
2017-06-20,256,257.25,253.15,254.05,176788
2017-06-21,254.1,257,252.1,255.9,266565
2017-06-22,256,258.8,253.35,254.65,127651
2017-06-23,255,259.9,253.15,256.85,243960
2017-06-27,256.85,257.7,253.4,256,150930
2017-06-28,257,259.9,254.2,258.4,149050
2017-06-29,259,260.8,256.05,259.25,147985
2017-06-30,260,260.75,256.5,258.75,155124
2017-07-03,259,260.35,252.3,259.35,238156
2017-07-04,258.05,260.9,255.15,259.9,144454
2017-07-05,260.8,260.8,256.3,257.55,129470
2017-07-06,257,260.05,256,257.1,77257
2017-07-07,255,258.4,255,256.6,69352
2017-07-10,256.4,269.85,256.4,268.5,784938
2017-07-11,268,273.2,262.5,263.35,560725
2017-07-12,263.05,266.5,261.55,263.95,132213
2017-07-13,260.1,265.75,260.1,264.2,143595
2017-07-14,264.5,265,258.9,259.5,80012
2017-07-17,267.1,273.9,264.7,267.6,511586
2017-07-18,267.1,272,267.1,268.65,216390
2017-07-19,271,272.2,267.45,271.25,239609
2017-07-20,272,274.25,268.2,269,241100
2017-07-21,284.4,291,280,286.4,2103908
2017-07-24,290.95,293.65,289.5,291.8,852699
2017-07-25,292.85,293,289.4,289.85,409493
2017-07-26,290,291.4,286,289.95,371863
2017-07-27,290,292,287.55,290.1,257722
2017-07-28,289.05,290.85,288.05,288.9,318334
2017-07-31,289.95,290.5,288.05,289,228458
2017-08-01,290,295.9,289.45,294.25,399357
2017-08-02,294.5,297.65,293.55,294.35,196052
2017-08-03,294.1,295.4,289.15,289.65,254383
2017-08-04,289.1,293.25,289,289.3,215214
2017-08-07,289.25,290,287.4,288.5,153199
2017-08-08,290.1,291.2,285.3,287.45,229884
2017-08-09,287,288.45,286.1,286.75,148594
2017-08-10,286,289,285.9,288,144629
2017-08-11,288.05,294.35,288.05,289.9,257674
2017-08-14,290.6,291,287.5,289,183173
2017-08-16,289,290.4,288,290,195260
2017-08-17,290,290.9,288,288.8,251163
2017-08-18,288.25,291,288,288.2,298268
2017-08-21,289.15,291.35,288,288.35,364015
2017-08-22,289.75,293.05,289.2,290.25,275594
2017-08-23,291,291.95,290.15,290.85,222761
2017-08-24,290.1,290.95,288.85,289.6,647268
2017-08-28,290.8,292,289.75,290.9,231788
2017-08-29,290.2,292.05,290.2,290.95,188692
2017-08-30,291.1,292.7,291,291.65,223377
2017-08-31,295.5,300,294.65,299.05,778500
2017-09-01,298,298.3,296.2,296.8,281808
2017-09-04,297,298,295.85,297.35,332349
2017-09-05,297.3,298.5,296.75,297.2,283181
2017-09-06,297.9,298,296.1,297.2,305043
2017-09-07,298.9,300,297.7,298.95,382973
2017-09-08,300,301.5,298.5,300.4,377955
2017-09-11,301,303.55,300.5,301.25,361429
2017-09-12,302,302.75,297.45,298.25,689427
2017-09-13,298.8,299.65,295.05,296.05,808742
2017-09-14,281.6,288.9,281.6,283.9,463832
2017-09-15,286.05,287,282,285.75,150924
2017-09-18,284.7,289.2,284.45,288.6,329724
2017-09-19,288,291.05,287.6,288.9,114463
2017-09-20,289,292.95,286.3,291.75,234853
2017-09-21,289,292.15,289,291.15,105025
2017-09-22,291,294.65,290.95,294.05,152932
2017-09-25,293.9,294.3,290,291.6,119179
2017-09-26,291.2,292.35,289.05,290.25,69923
2017-09-27,290.3,290.4,287.85,288.6,76648
2017-09-28,288.6,290.4,285,285.85,87861
2017-09-29,287,287.75,280,280.95,85476
2017-10-03,281.55,285.4,281,283.05,72099
2017-10-04,283.05,286.05,281.75,283.1,64767
2017-10-05,282,285,282,283.7,97227
2017-10-06,285,287,283.85,286.25,65107
2017-10-09,287,287.35,284.65,286.55,37606
2017-10-10,286.95,288.4,285.15,286.55,42332
2017-10-11,286.55,293.5,286.55,290.65,59055
2017-10-12,291.1,293.8,290.15,292.45,115257
2017-10-13,293.85,295.2,290.3,291.85,51280
2017-10-16,291.85,292.35,287.3,290.05,1246716
2017-10-17,292,292.5,286.65,289.5,128223
2017-10-18,288.55,298.65,287,295.05,454430
2017-10-19,295.05,296,291,291.85,16206
2017-10-23,291.85,297.4,291.85,296.6,79972
2017-10-24,296.6,298.9,291.1,296.3,88699
2017-10-25,296,301.55,296,298.95,164807
2017-10-26,297.5,303,296.95,301.85,275451
2017-10-27,301.35,301.35,295.1,296.6,59111
2017-10-30,296,296,291.8,293.2,117745
2017-10-31,292.5,296.25,292.3,294,186767
2017-11-01,295.35,295.35,292.65,293.1,204275
2017-11-02,293,295.55,292.65,293.05,111444
2017-11-03,294,295.45,293.45,294.3,70257
2017-11-06,294.55,300.45,293.25,299.5,162662
2017-11-07,299.55,308.4,299.05,302.1,591864
2017-11-08,303,306.45,301,301.6,116480
2017-11-09,301.5,304.35,299.9,302.6,54756
2017-11-10,303.8,304,298.5,302.05,107947
2017-11-13,302,303.9,298.3,298.8,88675
2017-11-14,298.8,300,295.7,299.05,42636
2017-11-15,299,299.05,294,296.2,192533
2017-11-16,296,299.1,294.9,297.65,85162
2017-11-17,299.75,299.75,294.3,294.75,124276
2017-11-20,294.55,297,293.1,294.6,74245
2017-11-21,298.25,298.25,293.2,293.95,167228
2017-11-22,294.5,295.4,293.05,294.15,54984
2017-11-23,294.15,294.9,292.95,293.4,85101
2017-11-24,293.45,294.2,291.1,292.55,74388
2017-11-27,293.9,295,291.4,294.8,67599
2017-11-28,297,297,293.05,294,106826
2017-11-29,296.45,298.8,293.45,297.9,116521
2017-11-30,299,300.5,289.25,291.8,171744
2017-12-01,296,296,288.1,289.45,99365
2017-12-04,287,291.25,280,290.05,337105
2017-12-05,288,288,282.6,283.4,199592
2017-12-06,284,284.25,281,282.3,114082
2017-12-07,286.5,286.5,280.3,281.35,154753
2017-12-08,283,286.15,281.6,283.25,176427
2017-12-11,282.2,289.6,282.2,289.25,103535
2017-12-12,290,290.95,285.3,287.2,122225
2017-12-13,285,289.45,285,287.2,98357
2017-12-14,286.3,289.95,282.5,287.9,68114
2017-12-15,290,290.6,282,289.8,91827
2017-12-18,288,297.25,284,295.3,240830
2017-12-19,295.8,296.95,290.8,292.15,160590
2017-12-20,294.35,298,292.55,296.65,139027
2017-12-21,298,298.55,294.8,297.65,91681
2017-12-22,297.65,303,296.45,301.1,135879
2017-12-26,303,306,298.75,303.25,163883
2017-12-27,303,306.1,300.1,305.35,96717
2017-12-28,306.6,309.95,302.55,307.55,201031
2017-12-29,306.5,315.4,303.35,313.4,251667
2018-01-01,313.4,319.85,309.4,317.75,174663
2018-01-02,315,323.75,314.7,318.9,205115
2018-01-03,320,320,308.55,310.2,199733
2018-01-04,309.95,312.4,307.5,311.5,165721
2018-01-05,314,314,307.8,309.75,186012
2018-01-08,310,312.9,309.4,311.05,156336
2018-01-09,312.5,320,306.55,317.6,257869
2018-01-10,318,327,315.2,326.05,272240
2018-01-11,324.9,325.85,319.25,321.05,153477
2018-01-12,321.05,323.35,317.35,318.75,169733
2018-01-15,318.8,324.15,313.4,316.45,126287
2018-01-16,315,334.75,315,331.9,410091
2018-01-17,332.15,333,325,325.75,203285
2018-01-18,324,328.3,321.95,326.05,208757
2018-01-19,327.2,330.3,321,328.45,227923
2018-01-22,319.5,328.2,317.7,320.8,732048
2018-01-23,320.8,322.75,313.95,315.1,272805
2018-01-24,316.5,333,311,313.75,483727
2018-01-25,315.9,317.3,309,311.95,325966
2018-01-29,312.55,316.25,309.05,311.95,264549
2018-01-30,310.5,312.4,305,307.7,144182
2018-01-31,307,308.95,301.55,304.65,211523
2018-02-01,307,308.9,300.1,301.25,115005
2018-02-02,301.25,302.4,295.45,300.5,143783
2018-02-05,298,305.45,295.45,298.55,156102
2018-02-06,294.45,296,290.25,294.9,170601
2018-02-07,311.45,311.45,288.2,289.45,547101
2018-02-08,291,294.35,287.75,289.6,1566798
2018-02-09,288.5,288.95,284.1,285,3301980
2018-02-12,289,290.75,286.45,287.9,714159
2018-02-14,291.6,296.7,290,293,129732
2018-02-15,294,295.1,290.7,291.55,71678
2018-02-16,294.4,295.65,289.85,290.7,542262
2018-02-19,292.6,294.55,288.65,290.05,264422
2018-02-20,288.55,292.85,288.55,291.35,218688
2018-02-21,291.75,294.85,290.55,292.25,1783440
2018-02-22,292.3,294.05,290.9,292.4,72189
2018-02-23,293.3,295.7,292.3,294.15,168695
2018-02-26,295,295.45,290.6,291.9,118276
2018-02-27,292.1,294.4,291,292.4,400372
2018-02-28,290,293.2,288.3,292.8,1707022
2018-03-01,293,294.3,290.55,292,313512
2018-03-05,292.1,293.65,289.65,290.55,502560
2018-03-06,291.25,291.85,285.5,286.15,1941301
2018-03-07,286.25,290.85,284,285.2,70971
2018-03-08,285.2,287.65,283.5,285,3524735
2018-03-09,285,287.8,284.1,285.2,42076
2018-03-12,289.9,291.95,286.45,290.75,59890
2018-03-13,293.5,298.95,293.2,295.55,189197
2018-03-14,295.1,296.3,292.9,293.35,94552
2018-03-15,295,302,291.9,293.25,229623
2018-03-16,296,297.1,291.1,295.75,75116
2018-03-19,295.75,296.1,286.55,288.05,134810
2018-03-20,286.4,294.85,285,293.75,97293
2018-03-21,292,296.95,292,295.55,87702
2018-03-22,295.55,295.55,288.2,289.25,89584
2018-03-23,286,287.9,283.8,285.2,93335
2018-03-26,285.2,285.65,272.55,273.9,352411
2018-03-27,279,280.85,272.1,272.55,3219846
2018-03-28,273.45,284,273,281.45,156211
2018-04-02,281.45,290.45,279.2,289.75,121243
2018-04-03,288,288,283,283.9,62759
2018-04-04,284.15,295,280,281.6,111674
2018-04-05,282.6,286,282.6,285.35,52563
2018-04-06,287.95,287.95,283.2,284.1,38474
2018-04-09,283.95,298,283.5,284.6,44259
2018-04-10,278.8,287.55,278.7,285.6,184792
2018-04-11,286,289,284.1,286,63849
2018-04-12,287.95,300,285.4,286.8,69654
2018-04-13,287.6,294.4,287,293.35,84431
2018-04-16,290,294,286.05,289.95,82216
2018-04-17,290.1,290.1,284,285.5,84430
2018-04-18,286.25,294,286.25,292.7,109702
2018-04-19,294,294,290,291.6,44370
2018-04-20,292.8,299.7,292.75,298.35,225700
2018-04-23,300,300.1,294.6,296.85,122863
2018-04-24,296.8,296.8,286.05,287.05,306933
2018-04-25,289,293.95,283.4,287.2,297679
2018-04-26,277,282.9,274.1,281.45,530714
2018-04-27,278,279.15,274.6,275.35,755985
2018-04-30,278,282.35,276.5,278.75,122271
2018-05-02,278.75,278.75,274.65,275.5,87636
2018-05-03,276,276,269.9,270.15,509514
2018-05-04,273.4,273.4,264.2,270.15,175831
2018-05-07,268,275.25,268,274.15,71746
2018-05-08,275,276,270.1,272.3,68442
2018-05-09,270.5,274.35,270.05,270.5,93146
2018-05-10,270.6,271.65,268.45,269.8,60990
2018-05-11,269.8,273.4,268.7,271.9,45333
2018-05-14,272,273.8,269.9,271.5,118731
2018-05-15,273.1,273.65,268.2,270.4,56120
2018-05-16,273.95,278,270,274.3,101636
2018-05-17,275.4,279.95,274.6,277.45,92789
2018-05-18,276.4,276.4,268.25,269.45,103831
2018-05-21,269,270,264.25,264.9,92689
2018-05-22,264,266.6,262.85,265.05,107482
2018-05-23,266,266.1,262.75,263.25,53526
2018-05-24,263.4,265.8,262.1,264.2,74683
2018-05-25,264.35,265.5,263.9,264.95,46785
2018-05-28,264.35,264.75,262.65,263.35,50719
2018-05-29,262.5,264.55,262.45,262.95,51968
2018-05-30,263,263.25,258.65,260.75,78753
2018-05-31,260.85,264.4,258.5,261.9,43505
2018-06-01,264,264.5,259.25,260.45,46428
2018-06-04,264.95,264.95,258.05,260,61928
2018-06-05,263,263,254.1,255.4,77083
2018-06-06,256.85,260.35,253.5,259.4,48872
2018-06-07,258.95,266,258.95,264.55,57207
2018-06-08,261.6,264.95,261.6,263.8,39355
2018-06-11,267,267,263,264.25,61731
2018-06-12,266.2,269.3,265.3,266.35,65714
2018-06-13,270,270,267.1,268.95,54853
2018-06-14,269,269,265,266.75,130285
2018-06-15,270,272,265.05,266.85,263507
2018-06-18,268.7,269.9,264.05,265.6,47926
2018-06-19,265.7,265.7,260.55,261.65,57997
2018-06-20,261.65,262.2,258.4,259.8,52160
2018-06-21,262.8,262.8,257.3,259,512563
2018-06-22,256.05,259.3,255.4,257.95,186095
2018-06-25,258.9,261.25,256.25,257.45,45105
2018-06-26,257.5,260,255.45,257.25,101434
2018-06-27,259.9,259.9,254,255.85,1243194
2018-06-28,256,258.85,255.9,257,1904154
2018-06-29,259.4,262.35,255.25,261.4,460996
2018-07-02,267.3,267.3,258.2,260.95,47394
2018-07-03,259.15,262.9,258.8,261.75,98418
2018-07-04,262.65,263.8,258.5,262.75,134160
2018-07-05,262,265.3,260.5,265,540893
2018-07-06,262.25,265,261.5,263,78735
2018-07-09,263,265.55,262.4,265.1,33941
2018-07-10,268,273.8,264,271.1,109506
2018-07-11,273,275,269.45,272.85,294398
2018-07-12,273.95,281.4,270.05,279.5,133447
2018-07-13,279.45,289.65,278.65,280.7,411929
2018-07-16,279,286.8,278,283.1,254677
2018-07-17,283,288.75,282,284.15,220688
2018-07-18,286.9,287.45,283.7,284.1,1035112
2018-07-19,286,288.8,281.65,285.25,136276
2018-07-20,286.5,290.35,281.05,283.05,240521
2018-07-23,288,288,263.9,276.05,421783
2018-07-24,279.4,279.4,269.3,273.35,663322
2018-07-25,273.45,276.6,273,274.65,83195
2018-07-26,275.8,275.8,270.55,272.55,252836
2018-07-27,272.75,275.2,272.3,274.5,76001
2018-07-30,274.45,274.45,269.3,273.45,471268
2018-07-31,273.5,277.35,271.35,276.8,364306
2018-08-01,277.9,278,273.8,276.95,98609
2018-08-02,277.85,280.1,274.55,279.05,288953
2018-08-03,279.3,280.55,277.15,278.15,222541
2018-08-06,278.5,282,275.2,276.7,181082
2018-08-07,276.7,279,275.65,277.3,219063
2018-08-08,278,279,274.35,278.25,288474
2018-08-09,276.9,280.6,275.6,278.9,331194
2018-08-10,279,279.6,276.15,279.05,273040
2018-08-13,281,284.55,276.1,282.7,360544
2018-08-14,284,286.8,281.8,284.4,154183
2018-08-16,285.85,285.85,278,279.85,457002
2018-08-17,282.3,282.3,278,279.6,97151
2018-08-20,280,286.3,280,284.3,129370
2018-08-21,287.95,294.4,284.6,288.5,279053
2018-08-23,289,292.9,288.45,289.5,336064
2018-08-24,290.9,294.8,287,292.3,880658
2018-08-27,292.9,297.4,290.75,296.5,813542
2018-08-28,299,299,294.35,295.9,200802
2018-08-29,297,297.5,293.35,296.95,326472
2018-08-30,298,299.6,294.25,298.85,252686
2018-08-31,300,306.5,299.7,301.65,264217
2018-09-03,328,328,307.2,309.15,1498120
2018-09-04,310,314.8,309.5,313.55,516049
2018-09-05,315,319.7,314.95,318.05,464623
2018-09-06,319,321.85,318.05,320.45,311937
2018-09-07,321.95,328,319,324.05,1436235
2018-09-10,324.5,327.95,323,324.9,333236
2018-09-11,327.95,327.95,322.4,323.35,148791
2018-09-12,324,330,324,328.65,221478
2018-09-14,329.7,333.65,324.2,330.15,200699
2018-09-17,331,335.9,328,329.15,251298
2018-09-18,329,334,325.1,332.5,505344
2018-09-19,334.9,335,327.2,332.75,149457
2018-09-21,332.65,339.05,327.75,337.35,795998
2018-09-24,332.5,338,330.95,332.6,431624
2018-09-25,333,333.9,327.4,329.5,790475
2018-09-26,328.55,328.55,318,319.9,593157
2018-09-27,321,323.65,317.7,320.6,658025
2018-09-28,319.95,326.55,315.5,324.2,485184
2018-10-01,323.95,332.25,322.9,330.85,197030
2018-10-03,330.15,330.85,322.8,327.95,257387
2018-10-04,325,330.65,321.6,325.7,599278
2018-10-05,326,327.55,320.6,325.3,149282
2018-10-08,321.5,323.15,313.2,318.35,256858
2018-10-09,318,322.8,311.8,320.2,1178161
2018-10-10,321.75,321.75,310.95,316.85,788529
2018-10-11,309.1,315.05,305.1,313.05,299320
2018-10-12,313.3,333.05,309.9,316,304808
2018-10-15,316.3,333,314.4,320.4,333280
2018-10-16,324.95,324.95,316.25,320.15,569741
2018-10-17,324.8,328.8,317,324,475234
2018-10-19,325,325,317.65,323.05,95185
2018-10-22,331,331,316,321.95,184583
2018-10-23,319.55,320.25,305.75,309.3,328043
2018-10-24,310.2,311.8,299.95,309.15,355345
2018-10-25,298,324.7,294,319.35,1000517
2018-10-26,318.9,322.45,315.85,318.6,566179
2018-10-29,323.7,331.3,315,328.6,314033
2018-10-30,327.1,334.7,326,328.25,441926
2018-10-31,328.25,333.65,322.6,331.5,108855
2018-11-01,331.5,332.95,323,329.95,165740
