2013-01-01,74.6,76.3,74.25,75.75,1484990
2013-01-02,76.25,76.6,75.05,75.3,1222255
2013-01-03,75.1,79.1,74.8,78.8,4228234
2013-01-04,80,80.8,78.4,80.6,3431640
2013-01-07,80.9,83.45,80.75,81.95,3027186
2013-01-08,82.1,84.5,82.1,84.05,3469244
2013-01-09,84.65,84.95,81.65,82.3,2445171
2013-01-10,82.95,83.4,80.7,82.65,2617895
2013-01-11,82.25,83,79.35,80,1945967
2013-01-14,80.2,84.2,78.95,83.8,2126472
2013-01-15,83.75,86.7,82.8,86.05,3832051
2013-01-16,86.45,87.25,80.2,80.95,5430689
2013-01-17,81.2,84.3,79.85,82.95,4835500
2013-01-18,83.35,84.25,82.15,83.25,2363585
2013-01-21,83.4,89.25,83.1,89,6359094
2013-01-22,89.6,91.85,86.4,87.55,7665976
2013-01-23,88.45,90.2,85.5,88.1,5101320
2013-01-24,85.4,86.75,79.1,80.05,5584778
2013-01-25,82,86.4,80.3,86.1,4516532
2013-01-28,86,87.6,83.5,84.3,2185695
2013-01-29,85,85.95,80.55,81.05,2847310
2013-01-30,82.15,83.15,80.6,81.9,2232211
2013-01-31,81.5,83.2,79.9,82.65,2627958
2013-02-01,83.05,83.85,80.75,81.25,2121778
2013-02-04,81.95,82.9,77.7,78.25,2697023
2013-02-05,77.9,78.2,75.25,77.2,2368584
2013-02-06,77.9,79.45,77.15,78.35,1959895
2013-02-07,78.1,78.4,74.9,75.5,2146120
2013-02-08,76,76.85,74.55,75.25,1955027
2013-02-11,75.5,76.1,74.65,75,1546997
2013-02-12,74.8,75.1,71.1,73.5,2514237
2013-02-13,74.6,75.35,69,70.2,2061064
2013-02-14,70,70.65,65,67.2,4072111
2013-02-15,66.9,71.45,66.4,70.65,3214239
2013-02-18,71,72.4,69.55,71.8,2005951
2013-02-19,72.05,73.35,69.45,73.1,3116286
2013-02-20,73.25,74.15,72.25,72.75,2331040
2013-02-21,71.5,72.1,68.5,69.15,2596339
2013-02-22,69.1,71.35,69,70.5,2008296
2013-02-25,71.05,71.3,68.3,69.25,1759146
2013-02-26,68.25,70.3,67.5,67.85,1575075
2013-02-27,68.85,70.9,67.4,69.35,2003866
2013-02-28,70.5,70.6,59.55,61.15,5400467
2013-03-01,62.2,63.35,61,61.65,3340402
2013-03-04,61.6,62.8,60.15,61.25,2044965
2013-03-05,62,63.7,61.4,63.4,1706750
2013-03-06,64.2,65.65,63.4,64.15,2634606
2013-03-07,64,64.25,62.3,63.55,1864765
2013-03-08,63.8,65.5,63.6,64.9,1949275
2013-03-11,65,66.55,64.75,65.4,2538603
2013-03-12,65.85,66.35,63.45,64.25,2148507
2013-03-13,64.1,65.9,63.5,64.5,2212700
2013-03-14,65.05,68.65,64.5,68.15,4216653
2013-03-15,68.45,69.35,66.1,66.6,2830409
2013-03-18,65.4,65.7,64.25,65,1616653
2013-03-19,65.5,65.6,61.1,61.7,2216922
2013-03-20,61.5,63,56.25,56.7,3487976
2013-03-21,57.9,59,54.05,54.95,3353922
2013-03-22,54.85,55.7,52.3,54.05,2905473
2013-03-25,55.4,56.25,51.65,52.25,2286036
2013-03-26,52.2,53.1,50.25,51.1,2806674
2013-03-28,51,55.7,50.4,55.2,2772348
2013-04-01,55,57.65,54.55,57.1,2453627
2013-04-02,56.2,66.9,55.8,63.3,8061561
2013-04-03,68.9,69,63.8,64.5,9579912
2013-04-04,63.5,66.1,62.25,62.7,5288077
2013-04-05,63.5,64.65,62.3,63,3400490
2013-04-08,63.75,67.25,63.6,65.85,5525366
2013-04-09,66.75,67.8,64.1,64.5,4530373
2013-04-10,65.25,73.85,64.6,73.2,14016544
2013-04-11,73.55,76.4,73.4,75.2,13582062
2013-04-12,74.6,78.4,73.3,77.65,7242107
2013-04-15,77,79,76.2,78.05,4918261
2013-04-16,77.7,84.5,77.4,83.15,9976325
2013-04-17,84,85.3,81.15,82.1,5457272
2013-04-18,81.75,87.05,81.75,86.1,11188090
2013-04-22,86.75,99,84.85,97.7,17368653
2013-04-23,97.7,99.9,92.5,94.5,12702266
2013-04-25,94.4,98,94.2,95.55,6903722
2013-04-26,95.8,98.6,92.3,93.05,6057113
2013-04-29,91.9,101.35,91.45,100.3,12538986
2013-04-30,101.35,101.75,95.15,97,9890613
2013-05-02,97,105.65,96.4,105.05,11408755
2013-05-03,105.1,111.85,104.85,110.15,15442711
2013-05-06,111.2,113.3,109.2,112.75,8799756
2013-05-07,113,113.9,111.55,112.55,5020595
2013-05-08,112.45,113.2,110.5,111.75,4262060
2013-05-09,111.75,112.75,109,109.7,4562792
2013-05-10,109.95,112.7,108.9,110.3,5506200
2013-05-11,110.35,111.7,109.5,111.1,935624
2013-05-13,110.8,111.4,105.35,105.75,5020310
2013-05-14,105.5,112.65,105.5,111.85,6720432
2013-05-15,112.8,116.7,112.6,114.8,5357083
2013-05-16,114.5,116.7,113.3,113.85,3258538
2013-05-17,114.3,115.45,110.35,113.6,3380995
2013-05-20,114.9,117.4,112.2,113,4321536
2013-05-21,113.3,114.45,110.8,111.3,3497900
2013-05-22,111.85,113.2,108.45,109.85,3442411
2013-05-23,109.6,109.6,100.55,105.95,6702345
2013-05-24,106.6,109.3,105.2,108.3,3800527
2013-05-27,109.7,115,109.5,114.05,4953883
2013-05-28,114.75,115.35,111.8,112.7,3400757
2013-05-29,112.9,112.9,108,110.25,3694221
2013-05-30,109.2,111.15,106.8,109.85,4684002
2013-05-31,110.4,111.25,105.8,106.35,3821698
2013-06-03,106.35,110.8,102.2,110.15,5394049
2013-06-04,110.95,113.25,109.65,110.5,3799917
2013-06-05,110.45,116.8,110.3,116.35,6606390
2013-06-06,116.5,119.15,114.55,118.05,8978588
2013-06-07,118.7,119.9,115.55,116.4,7579383
2013-06-10,117,117.6,110.35,111,5726090
2013-06-11,109.5,109.5,100.85,103.95,8005230
2013-06-12,102.9,107.45,101.05,106.5,7194432
2013-06-13,105,106.6,103.6,105.5,3368302
2013-06-14,106.2,108.4,106.2,107.1,2033543
2013-06-17,107,111.75,104.95,111.3,3827888
2013-06-18,111.3,124.95,111.15,123.7,11162042
2013-06-19,124,130.1,123.7,126.65,11222565
2013-06-20,124.4,126.4,120.8,124.65,5562409
2013-06-21,123.65,127.85,115.1,119.8,6655451
2013-06-24,118.3,119.6,112.15,113.65,3974589
2013-06-25,113.7,119.6,110.65,117.4,6174127
2013-06-26,118.8,120.9,113.8,114.75,5352926
2013-06-27,116.9,117.45,111.95,115.65,5667834
2013-06-28,116.75,119.25,116.1,118.1,3413429
2013-07-01,119.25,133.25,118.2,132.5,9943378
2013-07-02,132.75,134.25,128.7,130.95,6623959
2013-07-03,130.3,133.4,128.4,131.15,6617185
2013-07-04,132.7,137.3,130.9,134.1,7158112
2013-07-05,135.25,136.7,132.65,135.6,4474311
2013-07-08,137.6,149.55,134,145.35,10126986
2013-07-09,146,146.5,141.55,142.55,4868853
2013-07-10,142.45,144.8,138.85,140.2,5185293
2013-07-11,142.5,144.9,141.25,142.25,2952611
2013-07-12,143.15,145.5,141.7,143.9,3129874
2013-07-15,144.5,148.4,144,146.4,3120588
2013-07-16,143.5,146.85,143.2,145.9,2566685
2013-07-17,148.5,151.25,140.5,142.9,4088326
2013-07-18,143.7,147.5,140.45,146.55,3400092
2013-07-19,146.8,148.65,143.2,145.15,3902047
2013-07-22,138,143.7,136.1,141.25,2543211
2013-07-23,142.55,143.25,136,137.2,3535166
2013-07-24,136.6,139.3,136.1,137.9,2399299
2013-07-25,138.05,142.2,135.6,137.25,3100438
2013-07-26,138,139,133.3,134.4,2343805
2013-07-29,132.5,134.8,131.2,131.7,1772686
2013-07-30,130.95,133.15,125.8,126.75,2080078
2013-07-31,125.9,142.2,122.35,139.6,5960072
2013-08-01,141.5,143.85,129.75,131.4,4434555
2013-08-02,129.55,134.8,121.4,123.6,5110584
2013-08-05,125,125.2,116.65,121.4,3580057
2013-08-06,120,122.9,118.9,121.15,3185220
2013-08-07,122,127.45,121.25,124.8,2481707
2013-08-08,125.75,127.3,122,124.15,2015692
2013-08-12,125.4,129.5,125.2,126.3,1793392
2013-08-13,126.6,132.5,125.5,131.85,2910268
2013-08-14,132.45,135.9,131.7,133.6,1754851
2013-08-16,132.35,137.4,114.2,118.75,4881069
2013-08-19,119.7,124.1,114.1,119.8,4397003
2013-08-20,119,122.4,112.5,120.55,3261882
2013-08-21,122.5,123.95,110.3,114.65,3849209
2013-08-22,112,123.9,111,121.15,4497845
2013-08-23,122.3,122.3,114.25,116.65,3979093
2013-08-26,117.05,120.55,114.75,116.45,2301891
2013-08-27,115,116.75,111.25,111.95,1943124
2013-08-28,110,112.8,105.8,111.15,2843723
2013-08-29,112,121.65,110.35,120.3,5118732
2013-08-30,121,124.4,117.5,123.1,2709007
2013-09-02,123.1,131.75,122.65,130.45,3761657
2013-09-03,131.25,133.9,125.1,126.1,4697117
2013-09-04,126.9,132.7,126.1,131.1,2942238
2013-09-05,133.35,138.85,133.35,135.95,2973086
2013-09-06,136.55,141.3,135,139.5,2951502
2013-09-10,142,143.9,140,141.8,2071007
2013-09-11,141.5,144.85,140.1,143.85,2139071
2013-09-12,144,146.4,139.65,141.2,2096546
2013-09-13,141.5,148.15,140.5,145.75,2823051
2013-09-16,147.4,147.95,141.45,142.9,2003808
2013-09-17,142.35,144.25,138,143.25,1571537
2013-09-18,143.75,144.7,141.65,143.25,1060457
2013-09-19,145.3,163.8,145.3,160.75,7223029
2013-09-20,160,164.45,153.65,156.55,4052056
2013-09-23,155.1,159.25,152.5,155.35,2425533
2013-09-24,154.7,158,153.4,154.85,1709231
2013-09-25,155,161.4,153.1,160.8,3024295
2013-09-26,161.5,162,154.35,155,2925304
2013-09-27,155.15,156.45,150.1,151.15,2107244
2013-09-30,149.8,151.4,144.6,146.8,1714133
2013-10-01,147.25,150.9,145.6,148.8,1863444
2013-10-03,149,152.85,147.5,151.15,1983208
2013-10-04,150.6,151.35,146.1,147.25,2583003
2013-10-07,146.1,147.8,144.85,146.55,1487548
2013-10-08,147,151.5,147,150.35,2102818
2013-10-09,149.4,154.25,149,153.3,2068064
2013-10-10,153.55,154.6,148.15,150.75,2379862
2013-10-11,152.5,153.8,149.5,150.55,1238703
2013-10-14,151.05,153.1,150.3,151.7,1014471
2013-10-15,153,155.45,149.5,150.1,2023774
2013-10-17,151.55,152.4,147.4,147.95,1430055
2013-10-18,148.65,153.4,148.45,152.2,1543584
2013-10-21,151.5,154.5,150.9,152.4,1529913
2013-10-22,151.5,156.4,150.65,154.95,2531602
2013-10-23,155.85,158.2,151.3,153,2388731
2013-10-24,152.75,154.85,148.25,148.75,1804540
2013-10-25,148.5,149.95,144.3,144.95,1671386
2013-10-28,145.1,145.85,140.8,141.15,1205000
2013-10-29,140.8,144.8,139.75,142.7,1299434
2013-10-30,143.3,146.45,142.9,144.9,1398296
2013-10-31,144.3,147.95,142.05,146.45,1661666
2013-11-01,145.4,152.6,145.4,151.7,2044234
2013-11-03,153,153.4,150.6,151.4,375611
2013-11-05,150.75,150.75,144.4,145.3,1471440
2013-11-06,145.75,148.7,144.15,146.35,1705623
2013-11-07,146.9,148,138.65,139.95,1611774
2013-11-08,140,141,137.05,139.6,1457437
2013-11-11,139.5,140.8,135.4,136.2,1145864
2013-11-12,137,137.75,128.05,129.15,1934448
2013-11-13,134,138.95,129.75,132.35,4384945
2013-11-14,134.2,138.9,134.2,136.1,1360775
2013-11-18,137.7,139.3,136.5,138.25,1118256
2013-11-19,137.65,142.1,137.6,140.4,1503887
2013-11-20,140.75,143,137.5,138.65,1336297
2013-11-21,138.2,138.7,134.7,135.25,1094651
2013-11-22,136,136.65,130.8,132.25,1442645
2013-11-25,133,135.45,132.8,134.6,727869
2013-11-26,135,136.7,133,135.3,1168799
2013-11-27,136,137.4,134,136.8,955004
2013-11-28,137.5,138.05,134.25,135.5,895419
2013-11-29,134.9,139.65,134.9,138.55,1233038
2013-12-02,139.2,143.75,138.85,142.3,1353991
2013-12-03,142,142.35,138.6,139.55,977944
2013-12-04,139.6,142.2,135.25,136.3,997098
2013-12-05,140,140.45,137.95,138.75,693462
2013-12-06,138.75,139.6,137.1,138.9,567215
2013-12-09,141.1,143.7,138.3,139.95,684666
2013-12-10,140.5,143.6,136.75,137.95,1512184
2013-12-11,137.2,137.2,132,133.4,1148207
2013-12-12,132.5,134.5,132,132.6,1067436
2013-12-13,132,133.7,129.7,130.3,1168172
2013-12-16,130.3,131.4,126.85,127.45,1055497
2013-12-17,128.7,129.9,126.5,127.4,915458
2013-12-18,127.75,131.15,127.4,130.4,1062870
2013-12-19,130.9,131.9,127,130.95,1263657
2013-12-20,130.4,132.55,130.3,132,847890
2013-12-23,132,134.8,130.9,131.45,942861
2013-12-24,131.4,132.55,130.1,131.35,799840
2013-12-26,131.35,132.8,129.55,130.45,502687
2013-12-27,130.75,132.4,130.25,131.1,784541
2013-12-30,130.6,132,128.6,129.35,698939
2013-12-31,130,131,128.7,129.8,597154
2014-01-01,130.25,139.3,130.25,138.3,3213982
2014-01-02,138.1,140,129.5,130.15,2802492
2014-01-03,128.75,132.65,128.7,131.7,1574941
2014-01-06,131.75,133.5,129.5,131,1178600
2014-01-07,131.8,131.8,128.2,129.6,1243161
2014-01-08,130.45,131.25,128,128.35,811925
2014-01-09,129.1,129.1,123.8,124.4,1231941
2014-01-10,124.9,127.15,121.1,121.85,1368378
2014-01-13,122.75,123.95,121.05,123.2,818123
2014-01-14,122.5,126.35,122.5,123.8,875159
2014-01-15,123.95,127.4,123.95,126.8,1041152
2014-01-16,127.5,127.8,121.05,121.5,1244716
2014-01-17,122.05,126.25,121.85,125.3,2176318
2014-01-20,125.35,133.55,125.25,132.95,2299388
2014-01-21,133.5,137.2,132,134.55,2366596
2014-01-22,134.6,134.95,132.15,133.15,725698
2014-01-23,132.75,136.35,132,133.9,1240453
2014-01-24,133.8,133.8,128.75,129.15,782853
2014-01-27,127,127.6,122.1,122.6,1070065
2014-01-28,122.35,124.35,120.3,121.45,1054565
2014-01-29,122.5,123.9,121.4,121.9,626021
2014-01-30,121.3,121.3,115.7,116.3,1049341
2014-01-31,116.2,125.25,115.35,123.45,1851316
2014-02-03,122.45,125.45,120.25,120.75,1109346
2014-02-04,120.5,126.45,119.6,124.25,1491344
2014-02-05,123.9,126.75,123.7,125.35,1132715
2014-02-06,125.4,128.5,123.5,126.7,1173490
2014-02-07,127.5,128.1,124.1,125.3,976745
2014-02-10,123.8,123.8,119.65,120.35,865508
2014-02-11,120.9,123,117.6,119.8,1021114
2014-02-12,120.95,121.8,118.75,119.9,806859
2014-02-13,120.95,121.45,117.95,118.95,854623
2014-02-14,120,123.25,119.5,121.3,1028919
2014-02-17,121.5,122.1,116.7,118.35,806714
2014-02-18,118.1,120.25,117.45,119.2,661832
2014-02-19,119.15,120.45,117.6,118.9,784272
2014-02-20,118.05,119,117,117.25,703803
2014-02-21,118,118.25,111.1,111.5,2631937
2014-02-24,111,112.7,109.75,111.4,1228226
2014-02-25,111.75,114,111.75,112.3,972042
2014-02-26,112.5,113.4,109.35,110.35,1135612
2014-02-28,110,112.9,106.75,112.05,1909877
2014-03-03,111.1,113.85,109.5,110.25,1145727
2014-03-04,110.95,113.3,110.5,111.55,7706402
2014-03-05,112,112.75,109.4,110.85,823256
2014-03-06,111.05,116.85,110.9,113.8,2396450
2014-03-07,114,119.9,112.95,118.3,2593293
2014-03-10,117.25,121.85,117.2,121,1294049
2014-03-11,121.65,124.75,118.5,120.05,2106105
2014-03-12,120,121.7,118.2,119.05,941362
2014-03-13,119.4,120.9,112.75,114.75,1033652
2014-03-14,114.4,116.95,113.1,116.35,925746
2014-03-18,116.55,119.55,116.55,117.4,643800
2014-03-19,118.2,123.95,118,122,1781511
2014-03-20,121.75,125.75,120.25,121.2,1156387
2014-03-21,122.2,124.55,121.6,121.9,884201
2014-03-22,122,122.65,121.75,122.05,106251
2014-03-24,122.6,124,121.8,122.6,810156
2014-03-25,120.6,123.35,120,121.65,599149
2014-03-26,122.1,124.85,121.4,121.85,818986
2014-03-27,122.2,126.5,122.2,124.05,1189747
2014-03-28,124.5,130.1,124.5,129.25,1685402
2014-03-31,130.55,133.85,126.35,128.85,1562181
2014-04-01,129.7,130.2,126.4,127.6,1123877
2014-04-02,128.15,131.25,128.15,130.5,1064759
2014-04-03,131.7,133,127.35,129.35,1319725
2014-04-04,129.85,130.9,127.85,129.15,951589
2014-04-07,128.7,135.5,126.65,133.55,1490960
2014-04-09,135.1,136.4,134.1,134.8,1073192
2014-04-10,135,138.5,132,133.15,2037157
2014-04-11,132,135.4,124.45,132.85,1140724
2014-04-15,133.5,136.5,132,133.2,1365243
2014-04-16,133.8,137.6,128.9,129.7,2166865
2014-04-17,131,132.2,129.8,131.3,883404
2014-04-21,131.1,134,131.1,133.65,698390
2014-04-22,134.05,135.3,132.15,132.85,934360
2014-04-23,133.2,134.6,131.3,132,720843
2014-04-25,132.2,134.3,131.15,131.8,738840
2014-04-28,131.75,133.9,131.05,131.85,699620
2014-04-29,132.2,133.9,130,130.7,1001262
2014-04-30,131.1,131.95,121.5,122.5,1589470
2014-05-02,123.5,124.1,121,122,948167
2014-05-05,120.2,121.3,116.4,117.2,995541
2014-05-06,118.05,119.8,116.5,117.45,937400
2014-05-07,117.45,118.15,115.8,116.45,910949
2014-05-08,117.55,117.65,113.5,115.65,957825
2014-05-09,116,118.95,115.05,117.6,799410
2014-05-12,117.6,124.85,117.5,122.2,1675461
2014-05-13,123.9,125.5,121.1,122.85,1205939
2014-05-14,122.9,128.4,122.1,127.7,1433228
2014-05-15,128.05,129.2,122.7,123.45,890931
2014-05-16,127,130.85,123.5,128.3,1994268
2014-05-19,129.5,137.25,129.5,135.45,2020521
2014-05-20,136.1,142.4,135.15,138.9,2535783
2014-05-21,139.4,141.8,136.2,138.15,1305451
2014-05-22,139.15,141.6,137.6,138.7,1511161
2014-05-23,140.05,146.4,140.05,144.35,2394180
2014-05-26,145.25,149.5,134.5,138.7,2350272
2014-05-27,137.85,144.3,134.7,141.3,1639241
2014-05-28,142.4,148.35,140.5,145.45,2363163
2014-05-29,146,146.9,138.9,139.85,1579084
2014-05-30,140.9,141.55,135.45,136.55,1691319
2014-06-02,136.75,141.5,136.75,139.9,1207878
2014-06-03,140.7,145.65,138.55,143.95,2448316
2014-06-04,143.95,145.7,141.9,143.3,1566915
2014-06-05,144,149.4,142.3,146.45,2401134
2014-06-06,147.5,152.5,147,151.15,2912522
2014-06-09,152.95,155.1,151.4,153.5,1914631
2014-06-10,154.75,156.9,150.4,154.35,2652512
2014-06-11,155.6,155.85,147.1,148.25,2458929
2014-06-12,147.7,148.4,142.6,146.45,1191618
2014-06-13,146,148.5,141.6,142.85,1265817
2014-06-16,142.95,146.2,142,145.2,1141901
2014-06-17,146.7,149.6,144.6,148.8,1616403
2014-06-18,149.9,154.35,145.5,151.1,3001479
2014-06-19,152.5,153.5,147.8,149.1,1746623
2014-06-20,149.45,151.15,147.4,149.1,988361
2014-06-23,149.8,150.9,147.75,149.9,749324
2014-06-24,151.1,154.5,150,151.35,1989573
2014-06-25,149.6,153.25,146.4,151.4,3070280
2014-06-26,152,152.65,145.2,146,1533017
2014-06-27,147.2,147.85,144.15,145.5,1210175
2014-06-30,146.5,147.45,144.5,146,1103584
2014-07-01,147,147,145.15,145.85,752676
2014-07-02,147,147.2,144.5,144.9,968737
2014-07-03,145.95,146.85,142.4,142.85,374720
2014-07-04,142.9,145.9,141.55,143.1,1846124
2014-07-07,143.5,147.8,143.5,146.85,1517287
2014-07-08,146.85,147.05,136.35,137.55,1363384
2014-07-09,137.35,139.35,128.95,130.55,1571336
2014-07-10,130.95,132.9,123,126.3,3242020
2014-07-11,127,129,121,122.7,2188955
2014-07-14,122.8,128.5,121.2,126.95,1336506
2014-07-15,128.2,128.9,125.1,128.1,1015251
2014-07-16,129,130.7,127.5,130.1,1077358
2014-07-17,129.45,134.4,129,133.35,1615159
2014-07-18,133,133,128.5,129.7,1329522
2014-07-21,130.6,132.5,128.6,130.35,1098126
2014-07-22,131.4,136.2,131.25,135.2,1859634
2014-07-23,136,136.25,132.95,135.2,1063313
2014-07-24,135.95,136.8,133.8,134.4,826578
2014-07-25,134.9,135.7,127.6,132.15,1077559
2014-07-28,133.5,134.5,131.8,132.8,454803
2014-07-30,133.4,135.4,132.6,134.95,732068
2014-07-31,134.95,138.25,133.9,135,1378830
2014-08-01,134,138.65,131,132.85,1547547
2014-08-04,133.65,134.95,131.45,131.9,740648
2014-08-05,132.35,133.8,131.2,133.45,668414
2014-08-06,133.45,133.85,129.35,129.95,548415
2014-08-07,129.7,131.4,128.1,129.1,896284
2014-08-08,127.65,128.65,126,126.8,850339
2014-08-11,128.1,128.85,123.5,124.7,838663
2014-08-12,125,127.1,124.35,126,682174
2014-08-13,126.9,128.25,116.5,119.8,1378716
2014-08-14,120.25,121.85,119.05,120.7,888818
2014-08-18,120,123.9,118.3,123.3,1120001
2014-08-19,123.9,125.2,123.3,124.75,634447
2014-08-20,125,126.55,123.4,123.95,713190
2014-08-21,123.85,125.3,121.45,123,613025
2014-08-22,123.9,124,121.35,122.5,466593
2014-08-25,122.4,123.4,119.25,119.9,531592
2014-08-26,119.1,120.6,115.35,118.1,778566
2014-08-27,118.9,119,115.9,116.2,679880
2014-08-28,116.95,117.25,114.3,116.05,610355
2014-09-01,116.95,118.45,115.25,118,834838
2014-09-02,118,121.65,117.75,119.55,1002352
2014-09-03,119.9,121.3,118.1,118.75,645238
2014-09-04,118,118,110.55,112.1,1542007
2014-09-05,111.7,112.9,107.55,110.85,3523361
2014-09-08,112,113.7,111.3,111.8,2661337
2014-09-09,111.5,114,110.2,113.65,826921
2014-09-10,112.85,114.9,110.95,111.4,795572
2014-09-11,112,112.95,111,112,573338
2014-09-12,112,112.35,109,109.5,715693
2014-09-15,108.8,111.65,108,110.5,663464
2014-09-16,110.5,111.4,106.6,106.9,893917
2014-09-17,108.5,108.75,99.35,102.6,2686596
2014-09-18,103.1,105.7,102.65,105.2,1217044
2014-09-19,105.65,106.6,102.1,104.6,974631
2014-09-22,103.85,105.1,103.25,104.2,502026
2014-09-23,103.7,105.5,100.85,101.65,1326387
2014-09-24,101.65,102.5,99.4,101.6,997119
2014-09-25,101.6,102.6,93.55,95.55,2152168
2014-09-26,95,98.4,93.1,97.6,1220961
2014-09-29,97.85,101.9,96.9,99.7,888864
2014-09-30,99.9,100.9,95.5,98.9,1324016
2014-10-01,98.15,100.2,96.5,97,596487
2014-10-07,96.8,97.95,95.75,96.1,589170
2014-10-08,96.5,100.6,95,99.85,1131239
2014-10-09,101.7,106.05,99.6,104.7,1587051
2014-10-10,103.85,104.2,101.3,101.9,743164
2014-10-13,102,103.2,101.1,102.1,541499
2014-10-14,103.5,103.5,98.25,101,955278
2014-10-16,101.6,103.5,97.65,98.7,954159
2014-10-17,100.8,100.8,98.35,99.45,745149
2014-10-20,101,102,99.2,99.9,618880
2014-10-21,100.8,102.1,99.7,101.6,875226
2014-10-22,102.65,103.5,102.15,102.8,473251
2014-10-23,103.65,103.8,102.85,103.1,134142
2014-10-27,103.9,104,99,99.4,568746
2014-10-28,99.7,99.85,97.2,98.05,603714
2014-10-29,98.7,99,97.9,98.3,714932
2014-10-30,98.5,102.9,98.2,102.2,1075868
2014-10-31,103.5,108.3,102.6,106.1,1411597
2014-11-03,106.5,109.8,105.55,108.7,1425024
2014-11-05,109,110.2,105.25,106.15,752734
2014-11-07,106,109.5,104.8,108.55,857397
2014-11-10,108.7,109.7,105.95,106.5,974960
2014-11-11,106.6,108.25,105.25,107.75,691733
2014-11-12,108,108.8,106.05,106.85,634721
2014-11-13,106.9,107,101.7,102.8,939931
2014-11-14,102.8,104.5,101,102.9,719169
2014-11-17,102.6,105.6,101.5,105.2,779527
2014-11-18,105.3,117.4,105.25,115.15,4169538
2014-11-19,115.55,116.35,108.25,109.75,2116678
2014-11-20,109.8,110.75,105.8,109.45,1319446
2014-11-21,109.1,111.3,107.4,108.8,1069420
2014-11-24,110.5,111.5,106.6,107.15,759583
2014-11-25,106.25,107.65,99.5,102.35,1338855
2014-11-26,101.55,104.7,101.5,103,688290
2014-11-27,103.4,106.75,102.3,106.35,1145067
2014-11-28,107,107.15,102.5,102.85,927071
2014-12-01,103,113.1,99.35,100,844641
2014-12-02,100.95,101.95,99.3,101.2,768000
2014-12-03,101.3,103.4,101.3,102.65,623548
2014-12-04,102.9,103.4,100.4,101.2,519581
2014-12-05,101.8,105.8,100.35,102.5,1541873
2014-12-08,103,103,98.7,99.05,872422
2014-12-09,99.4,100.55,95.2,95.85,1321708
2014-12-10,95.9,98.3,95.15,95.6,1010985
2014-12-11,96,96.2,92.1,92.6,1233758
2014-12-12,93.5,93.9,89.1,89.7,1263091
2014-12-15,88.9,89.25,86.25,87,1179869
2014-12-16,86.5,86.5,82.85,83.8,1251478
2014-12-17,83.5,84.3,80.6,83.15,1304408
2014-12-18,84.5,86.75,84.3,85.75,739569
2014-12-19,86.7,86.85,82.2,82.95,1152808
2014-12-22,83.4,83.8,81.6,82.2,732880
2014-12-23,82.2,82.8,78.9,79.2,1291058
2014-12-24,79.1,81.35,77.7,79.35,1545616
2014-12-26,79.9,81.4,78.55,80.45,1182587
2014-12-29,81,82.45,80.55,80.75,840363
2014-12-30,81,81.5,79.2,79.9,822986
2014-12-31,79.25,80.6,79.25,80.1,535058
2015-01-01,79.5,84.2,79.5,83.25,1580441
2015-01-02,83.15,84,82.3,82.85,975309
2015-01-05,82.25,83.65,81.25,81.7,801264
2015-01-06,82,83.15,79.2,79.65,1650207
2015-01-07,79.5,80.7,77.9,78.35,911822
2015-01-08,79.3,80.2,78.2,78.7,968592
2015-01-09,79.4,79.8,76.1,77.1,1162080
2015-01-12,77.55,78.4,76.2,77.9,952327
2015-01-13,78.1,78.5,75.95,76.45,776586
2015-01-14,76.5,77.45,75.1,75.4,800418
2015-01-15,76,78.9,75.35,78.3,1228947
2015-01-16,78.5,78.8,77.2,78.25,781450
2015-01-19,78.55,80.95,77.9,79.65,901403
2015-01-20,79.9,82.25,79.1,80.55,1255338
2015-01-21,80.9,81,79.1,80,928100
2015-01-22,80.4,80.7,79.15,79.7,590696
2015-01-23,80.3,82.65,78.75,82.1,1557090
2015-01-27,82.6,83.75,81.6,82,822520
2015-01-28,82.35,82.6,79.25,79.65,767277
2015-01-29,80,80.5,78.3,78.75,737432
2015-01-30,79.4,83.15,78.8,79.5,1756958
2015-02-02,80.15,81.25,79.4,80.55,1006392
2015-02-03,81,81.1,77.1,77.7,1284728
2015-02-04,78.5,78.95,77.3,77.8,725991
2015-02-05,78.1,78.4,71.2,72.4,2005777
2015-02-06,72.4,72.5,70.15,70.75,1400474
2015-02-09,70.7,70.7,67.25,67.6,1772434
2015-02-10,67.65,70.6,66.6,68.4,1833877
2015-02-11,69.05,70.8,68.95,70.4,1184728
2015-02-12,70.7,71.75,69.9,71.1,1140001
2015-02-13,71.7,72.55,70.6,72.05,862487
2015-02-16,73.7,76.4,73.5,75.15,1720053
2015-02-18,75.6,75.8,73.1,73.35,891881
2015-02-19,74,74,69.8,71.35,1222689
2015-02-20,71.6,73.1,71.2,72,920590
2015-02-23,72.8,72.8,69.6,70.25,883723
2015-02-24,70.65,70.65,68.5,68.75,1373330
2015-02-25,69.1,70.15,67.55,68.95,1547560
2015-02-26,69,69.1,67.15,67.45,780010
2015-02-27,68.1,70,67.3,69.7,1076591
2015-02-28,70.45,70.55,67.15,68.45,1897426
2015-03-02,68.85,69.1,65.4,65.8,1555624
2015-03-03,66.05,67.25,65.4,66.25,1273519
2015-03-04,67,69.85,66.15,66.85,3147525
2015-03-05,67.4,68.2,66.1,66.85,1309233
2015-03-09,66.7,67,62.45,62.9,2054590
2015-03-10,63.1,67,61.7,64.45,2887666
2015-03-11,64.55,66.95,64,66.45,2304048
2015-03-12,66.65,70.55,66.05,69.9,2453247
2015-03-13,70.85,72.2,69.1,70.05,2945188
2015-03-16,70.5,70.5,66.5,67.2,1092405
2015-03-17,67.4,68.15,66.2,67.2,937917
2015-03-18,67.7,68.5,66.3,66.75,914235
2015-03-19,67.25,68.1,62.9,63.7,1288011
2015-03-20,63.75,64.4,62.7,62.95,971626
2015-03-23,63.45,64.05,61.45,62.4,1018972
2015-03-24,62.6,63.5,61.85,62.35,800997
2015-03-25,62.7,62.8,60.9,61.15,1015455
2015-03-26,61,61.85,59.9,60.4,927614
2015-03-27,61.05,61.5,56.9,58.25,1659485
2015-03-30,59.8,60.45,58.8,60.3,823099
2015-03-31,61.2,61.45,59.1,59.3,716410
2015-04-01,59.3,61.35,59,60.75,901026
2015-04-06,60.7,60.85,59.15,60.1,819914
2015-04-07,60.4,61.6,59.3,61.15,1225259
2015-04-08,61.25,63.25,61.15,62.6,1253809
2015-04-09,63,64.3,62.9,63.4,1041840
2015-04-10,63.9,74.2,62.8,71.9,8203585
2015-04-13,72.45,74.15,71.5,73,2814401
2015-04-15,73.05,75.45,71.1,72.15,2872768
2015-04-16,72.1,73.05,69.3,70.4,2489957
2015-04-17,70.5,72.35,69.6,69.85,1497288
2015-04-20,70.15,70.55,65.5,66.05,1632383
2015-04-21,66.5,67.35,65.3,65.7,1009198
2015-04-22,65.55,66.15,64.1,65.7,1634370
2015-04-23,66,66.75,64.25,64.85,1281375
2015-04-24,64.85,65.7,63.1,63.6,1084014
2015-04-27,63.65,63.9,61,61.25,1283899
2015-04-28,61.65,63.25,61.5,62.85,939677
2015-04-29,63.25,63.45,61.35,61.65,873065
2015-04-30,61.65,61.65,60,60.65,1143181
2015-05-04,60.9,63.2,60.8,62.95,1047461
2015-05-05,63.3,69.9,63,67.8,4063930
2015-05-06,68.15,69.5,62.6,63.1,2764754
2015-05-07,63.2,64.5,60.05,61.5,2262922
2015-05-08,62.3,63.4,61.55,62.55,1496501
2015-05-11,63,66.1,63,64.8,1660021
2015-05-12,65.85,65.85,60.95,61.25,1674430
2015-05-13,61.95,64.7,61.85,64.3,2536719
2015-05-14,63.85,65.95,63.15,65.3,1879964
2015-05-15,66,66.3,64.05,65.15,1328195
2015-05-18,65.25,68.55,65.25,67.55,1907170
2015-05-19,67.2,69.2,66.4,68.6,2253028
2015-05-20,68.7,69.05,65.1,65.9,1722480
2015-05-21,66,66.3,64.1,64.75,1017662
2015-05-22,64.65,65.15,63.6,64.05,1079232
2015-05-25,63.6,65.85,63.5,64,1080978
2015-05-26,64.1,64.7,63.1,63.75,828007
2015-05-27,63.45,63.75,62.6,63.15,707239
2015-05-28,63.3,64.65,62.25,64.4,1096260
2015-05-29,64.4,68.4,64.4,67.8,2187874
2015-06-01,68.25,68.55,65.4,65.8,964070
2015-06-02,66.4,66.4,63.5,63.65,1066029
2015-06-03,64,64.6,54.5,59.2,2392988
2015-06-04,60,60.55,56.3,60.15,2048492
2015-06-05,59.5,60.8,59.15,59.95,1193012
2015-06-08,60.15,60.75,57.25,60.05,1663855
2015-06-09,59.5,61.3,59.25,60.25,1040188
2015-06-10,60.8,60.8,59.3,59.7,1358486
2015-06-11,60.8,60.85,57.2,57.8,1496811
2015-06-12,57.95,59.8,56.55,58.5,1720218
2015-06-15,59.45,60.45,58.45,58.85,1516998
2015-06-16,59.9,60.6,57.6,58.7,1807326
2015-06-17,59.25,60,58.25,58.8,1470370
2015-06-18,59,59.6,58.05,59,1871022
2015-06-19,59.75,59.75,58.1,58.7,997404
2015-06-22,58.9,61.2,58.4,59.55,2410336
2015-06-23,59.9,60.3,59.3,59.85,1448956
2015-06-24,59.9,60.2,57.45,58.05,1537384
2015-06-25,57.85,58.3,57.3,58.05,1158294
2015-06-26,57.9,63.3,56.8,61.65,48388203
2015-06-29,59.9,62.75,58.95,61.8,4717512
2015-06-30,62,63.6,61.35,62.05,2825597
2015-07-01,62.15,64,62,62.8,3284973
2015-07-02,63,66.2,62.9,64.3,3965844
2015-07-03,64.4,65.1,62.65,63.4,1471352
2015-07-06,63.35,64.75,62.1,64.35,1368144
2015-07-07,64.5,65.6,63.75,64.25,1907757
2015-07-08,63.55,67.7,62.5,67.1,3982722
2015-07-09,67.7,68.75,65.9,66.85,3133616
2015-07-10,67.9,67.9,65.2,66.8,2558870
2015-07-13,67.45,68.1,66.65,67.45,1476973
2015-07-14,67.85,68.25,66.8,67.15,1207683
2015-07-15,67.15,70.3,67.15,69.6,2514014
2015-07-16,70,70,68.25,68.7,1468401
2015-07-17,68.9,71.2,68.15,69.95,1970991
2015-07-20,70.6,71.3,69.3,69.75,1373094
2015-07-21,69.7,70.55,66.9,67.5,1607532
2015-07-22,67.4,69.25,67.25,68.9,1087291
2015-07-23,69,70.1,68.65,69.1,1365304
2015-07-24,69.05,69.75,67.7,68,786189
2015-07-27,68.5,69.55,66.8,67.05,1118408
2015-07-28,67.85,68.15,65.3,65.8,1127330
2015-07-29,66,66.45,63.75,65.15,1259673
2015-07-30,65.2,68.75,65.2,68.35,1169573
2015-07-31,69.05,72.45,68.85,70.45,2435043
2015-08-03,70.5,71.85,69.9,70.75,1142709
2015-08-04,70.85,72,69.4,70.3,1305258
2015-08-05,70.6,73.85,70.6,72.3,1538016
2015-08-06,72.5,73,71.45,72.6,955569
2015-08-07,72.9,74.25,71.1,73.3,1248761
2015-08-10,73.85,74.75,71.55,72.2,900828
2015-08-11,72.55,72.9,70,70.35,1018728
2015-08-12,69.9,70.7,66.4,66.65,941868
2015-08-13,68.95,69,59.35,60.4,3817330
2015-08-14,61.1,62.2,58.25,60.9,2646960
2015-08-17,60.1,63.65,58.7,62.2,2515009
2015-08-18,62.9,63.25,60.7,61.2,1340461
2015-08-19,61.5,62.75,60.75,61.05,1081472
2015-08-20,60.9,62.5,60.2,61.25,1395548
2015-08-21,59,61.2,58.9,60.2,1317084
2015-08-24,58.2,58.5,49.6,50.7,2258709
2015-08-25,48.1,52.35,45.65,50.6,3070703
2015-08-26,50,53.85,48.9,52.2,1660370
2015-08-27,53.45,55.15,52.3,54.45,1289221
2015-08-28,55.65,57.95,55.05,57.3,2145258
2015-08-31,58,60.65,56.6,60.3,1683878
2015-09-01,59.9,60.3,55.5,57.55,2191929
2015-09-02,57.8,60.45,57.8,59.1,1848880
2015-09-03,59.8,60.8,59,59.6,1057037
2015-09-04,59.3,59.3,56.7,58.6,1435640
2015-09-07,58.6,60,57.55,58.25,1565359
2015-09-08,58.95,58.95,51.85,55.75,2275837
2015-09-09,57.45,65.3,56.3,62.2,5159642
2015-09-10,61.65,65.35,61.3,64.85,5143658
2015-09-11,65.6,66.45,63.8,64.95,2499879
2015-09-14,65,67.45,64.55,67,1823228
2015-09-15,67.35,67.5,64.8,65.75,1505094
2015-09-16,66,67,64.65,65.35,1040006
2015-09-18,66.8,67.1,65.2,66.3,914868
2015-09-21,66,68.3,65.7,67.45,1076177
2015-09-22,67.8,67.85,63,64.25,1438884
2015-09-23,63.05,65.9,63.05,64.95,853922
2015-09-24,64.6,65.45,63.95,64.5,734310
2015-09-28,64.6,65.7,63.8,64.2,636474
2015-09-29,63.55,65.35,62.8,63.9,1178263
2015-09-30,64.15,68.7,64.1,67.9,3358148
2015-10-01,68.8,72.35,68.5,68.95,3814967
2015-10-05,69.8,72.25,68.65,72,2270055
2015-10-06,72.45,72.95,71.25,71.75,1546271
2015-10-07,71.6,76.75,71,75.8,3467587
2015-10-08,76.6,77.45,74.85,76.15,2763516
2015-10-09,76.5,77.05,74.35,75.3,1615253
2015-10-12,75.4,77.1,74.3,74.85,1255578
2015-10-13,75.1,78.1,74.8,77.8,2008655
2015-10-14,77.9,79.15,77.2,77.7,2382864
2015-10-15,78,78.75,77.55,78.15,1076250
2015-10-16,77.9,81.85,77.3,81.55,3604920
2015-10-19,81.9,82.9,81,81.95,1818280
2015-10-20,82,82.7,80,80.5,2010262
2015-10-21,83.5,83.5,80.6,81.25,1407229
2015-10-23,82.5,82.75,79,79.4,1353969
2015-10-26,80,80.85,78.35,78.9,1023816
2015-10-27,78.5,79.35,77,77.5,987271
2015-10-28,77,78.85,76.7,77.8,886589
2015-10-29,77.8,78.1,75.6,76.35,832916
2015-10-30,76.6,78.45,74.8,75.25,1435467
2015-11-02,76,81.15,75.5,79.9,3275347
2015-11-03,81.05,82.6,79.85,81.55,2053409
2015-11-04,82.5,83.6,81.6,81.95,1446821
2015-11-05,81.9,82.35,77.7,78.3,1486394
2015-11-06,78.3,79.05,76.8,77.75,1039194
2015-11-09,74.95,78.4,74,77.3,1143278
2015-11-10,77.5,77.6,68,70.15,3277992
2015-11-11,71.9,71.9,70.6,71.1,265700
2015-11-13,71.1,71.9,63.75,66.15,3844158
2015-11-16,66.5,68.15,65.45,67.05,1819176
2015-11-17,67.7,67.75,65.5,65.85,1208665
2015-11-18,66.15,67.2,64.6,64.95,1515502
2015-11-19,65.4,66.1,64.4,65.75,963865
2015-11-20,65.75,67.15,65.05,65.95,1241093
2015-11-23,66.1,66.8,64.75,65.1,900991
2015-11-24,65.2,72.2,65,71.15,3858921
2015-11-26,72.9,75.2,72.7,74.45,3196336
2015-11-27,75.35,75.65,73.2,74.1,1926026
2015-11-30,74.5,78.2,73.5,75.9,2489375
2015-12-01,76.1,77.6,75.1,77,2139098
2015-12-02,77.5,78.9,76.5,78.5,2016328
2015-12-03,78.4,85.9,77.75,83.65,6688968
2015-12-04,83.7,86.6,78.95,81.05,9437191
2015-12-07,82.3,82.3,78.9,80.9,3728226
2015-12-08,80.5,81.65,78.35,78.75,1544011
2015-12-09,79,79.4,74.8,76,2643758
2015-12-10,76.4,78.8,75.6,78.4,1958715
2015-12-11,78.45,79.3,75.1,76.15,1636853
2015-12-14,76.8,81.35,76.25,80.9,3307247
2015-12-15,81.5,81.8,79.45,80.35,1860229
2015-12-16,80.9,82.9,79.95,81.85,2356233
2015-12-17,82.9,83.35,81.9,82.95,1666405
2015-12-18,81.8,84.15,81.8,83.2,1699144
2015-12-21,83.45,84.5,82.9,83.7,1376754
2015-12-22,83.7,87.1,83.2,85.7,3775487
2015-12-23,87,87.7,85.55,86.2,1840491
2015-12-24,87.1,87.5,85.35,86.3,1875240
2015-12-28,86.45,87.2,85.3,85.95,1161124
2015-12-29,85.95,88.1,85.6,87.6,1868580
2015-12-30,87.6,88.9,87.6,88.1,1369306
2015-12-31,88.05,88.7,87,88.2,1160808
2016-01-01,88.7,91.8,88.25,90.55,2900821
2016-01-04,90.3,91,82.35,84.65,3886928
2016-01-05,85.55,86.95,84.35,85.85,1917677
2016-01-06,86,86.4,83.9,84.35,1529584
2016-01-07,82,82.95,79.8,81.2,1682395
2016-01-08,81.9,83.6,81.9,82.8,1111874
2016-01-11,82.45,84.35,80.5,83.75,1522416
2016-01-12,83.95,85.1,78.3,80.25,3242969
2016-01-13,81,82.2,73.8,78.85,3520729
2016-01-14,77.8,80.55,75.45,77.95,3138545
2016-01-15,79.7,80.15,71.3,73.05,2530526
2016-01-18,73.5,75.4,68.85,70.7,3627618
2016-01-19,71.6,74.6,70.8,73.3,1896433
2016-01-20,72,72.7,63.15,68.5,3505734
2016-01-21,70,70.4,65.5,66.2,2644198
2016-01-22,68.55,68.75,65.65,66.65,2554958
2016-01-25,67,67.8,64.7,65.6,1607385
2016-01-27,65.5,65.5,62.6,63.05,2045277
2016-01-28,62.3,63.45,61.85,62.15,1621634
2016-01-29,62.4,63.8,60.55,62.1,2818216
2016-02-01,62.3,62.65,60.4,60.8,1850684
2016-02-02,60.65,62.2,59.2,59.55,1970103
2016-02-03,59,59,55.4,56.55,2469588
2016-02-04,58,58.1,53.65,55.1,2335938
2016-02-05,55.8,58.25,55.2,57.65,1817487
2016-02-08,57.9,59.5,56.65,57,1545636
2016-02-09,56,58.85,55.25,57.85,1877277
2016-02-10,57.8,58,54.85,56.3,1892407
2016-02-11,56.3,56.45,51.5,52.1,2204217
2016-02-12,52.55,52.9,48.6,50.7,3105301
2016-02-15,51.9,53.65,51.3,51.65,2911689
2016-02-16,53.3,53.9,48.75,49.55,3265454
2016-02-17,49.9,50.3,47.1,49.95,2583717
2016-02-18,50.9,51.4,48.75,50.4,1973940
2016-02-19,50,51.3,49.5,50.45,1640986
2016-02-22,51,51.7,50.45,50.8,1240855
2016-02-23,51.25,53.1,50.8,52.35,2925038
2016-02-24,52,54.6,51.8,53.25,2939715
2016-02-25,53.65,55.45,52.95,54.45,2224964
2016-02-26,55.2,55.5,51.9,53.35,2075754
2016-02-29,53.45,53.75,50.25,51.7,2594409
2016-03-01,51.7,54.45,51,53.85,1850058
2016-03-02,54.4,55.6,54.15,54.65,1611673
2016-03-03,54.65,55.45,53.85,54.95,2002118
2016-03-04,54.8,56.5,53.55,55.3,3047920
2016-03-08,55.05,55.85,53.75,54.55,1668292
2016-03-09,54.3,55.4,54.1,55.05,2028692
2016-03-10,55.5,55.65,53.35,53.8,1770589
2016-03-11,54,54.4,52.35,52.9,1197933
2016-03-14,53.1,53.2,51.35,51.9,1388114
2016-03-15,51.85,52.7,51.55,52.05,1158047
2016-03-16,52.35,52.6,49.2,50.65,1982230
2016-03-17,51.05,51.5,50.55,50.8,1369968
2016-03-18,51.7,52.4,51.1,52,1230594
2016-03-21,51.7,52.55,51.7,52.15,891393
2016-03-22,52.4,53.45,51.25,51.95,1858447
2016-03-23,52.2,52.55,51.55,51.95,969305
2016-03-28,52.35,52.35,49.5,50.05,2075730
2016-03-29,50,50.55,49.1,49.4,2025192
2016-03-30,50,50.65,49.45,50.3,1154767
2016-03-31,50.3,50.6,49.6,50,1311603
2016-04-01,49.9,51.15,49.75,50.3,1418919
2016-04-04,50.6,51.7,50.3,51.25,2042216
2016-04-05,51.35,51.35,49.15,49.4,1740867
2016-04-06,49.65,52.1,49.35,50.95,2115227
2016-04-07,52.1,52.35,49.85,50.2,2278606
2016-04-08,49,50.6,48.75,50.4,2010595
2016-04-11,50.95,51.8,50.35,51.6,1961249
2016-04-12,51.85,52.05,51.05,51.45,1113018
2016-04-13,51.9,53.8,51.55,53,2450579
2016-04-18,53.25,54.55,52.75,54.05,1852565
2016-04-20,54.25,55.2,53.8,54.1,1477395
2016-04-21,54.65,55.1,53.65,54,1513232
2016-04-22,53.7,57.8,53.45,56.95,5251551
2016-04-25,57.4,58.15,56.15,56.65,1958571
2016-04-26,56.9,57.85,56.55,57.45,1696949
2016-04-27,57.4,59.5,57.4,59.25,2882190
2016-04-28,59.5,60.45,57.55,57.9,1956274
2016-04-29,57.95,57.95,54.8,56.25,2426628
2016-05-02,56,57.55,55.5,56.6,1799498
2016-05-03,57,58,56.35,57.35,1808039
2016-05-04,57.3,57.7,54.75,55,1592908
2016-05-05,55.15,55.45,53.5,54.15,1676876
2016-05-06,54,54.5,53.1,54.2,1201799
2016-05-09,55,56.1,54.25,55.75,997843
2016-05-10,55.5,56.4,55.25,55.6,999850
2016-05-11,54.7,57.35,53.85,54.4,2684722
2016-05-12,55,55.2,54.15,54.65,1059953
2016-05-13,54,54.2,51.25,51.75,2482999
2016-05-16,51.75,52.2,50.1,51.05,1508543
2016-05-17,51.3,52.4,51.05,51.3,1287910
2016-05-18,51.3,51.55,50.75,51.15,969769
2016-05-19,51.15,52.85,50.7,50.85,2152618
2016-05-20,51,51.3,49.95,50.1,1377511
2016-05-23,50.7,50.8,49.6,49.75,905735
2016-05-24,49.75,49.75,45.9,47.1,3651247
2016-05-25,47.75,48.1,47.2,47.45,1684483
2016-05-26,47.5,48,47.2,47.65,1268744
2016-05-27,47.75,50.4,47.65,49,3191295
2016-05-30,49.4,50.6,48.75,49,2285597
2016-05-31,49.5,49.6,46.55,47.05,3489733
2016-06-01,47.8,50.35,47.4,49.25,6667765
2016-06-02,49.5,51.1,48.4,50.75,4908260
2016-06-03,51,51.1,48.45,48.95,3056779
2016-06-06,49.2,50,47.8,48,2737400
2016-06-07,48.5,48.8,47.55,48.4,2904034
2016-06-08,49.15,50.05,48.7,49.2,2920021
2016-06-09,49.45,49.6,48.3,48.85,2106580
2016-06-10,49,50.05,48.8,49.2,2411690
2016-06-13,49,49.35,47.05,47.85,3797018
2016-06-14,48,48.6,47.55,47.85,2150865
2016-06-15,48,48.45,47.7,47.85,1775544
2016-06-16,48,48.1,46.5,46.8,3052101
2016-06-17,47.3,47.7,46.5,47.15,2755696
2016-06-20,46.8,49,46.7,48.65,3034960
2016-06-21,48.8,49.8,48.2,48.5,3204170
2016-06-22,48.55,48.85,47.5,47.7,2003180
2016-06-23,48.5,50.45,48.2,49.7,5654737
2016-06-24,48.1,48.1,45.55,47.2,6839414
2016-06-27,47.7,48.5,47.5,47.7,2260197
2016-06-28,48.25,48.9,47.95,48.3,2545379
2016-06-29,48.7,49.25,48.5,48.6,2161984
2016-06-30,49,51.5,49,50.9,5817461
2016-07-01,51,51.5,50.5,50.8,2347693
2016-07-04,51.5,52.1,51.2,51.5,2002445
2016-07-05,51.5,53.1,51,52.15,3458947
2016-07-07,52.5,53.45,52.2,52.45,2280607
2016-07-08,52.8,52.8,50.25,50.8,2232898
2016-07-11,51.2,51.8,51,51.5,1297079
2016-07-12,51.55,52.6,51.3,52.15,1721285
2016-07-13,52.1,52.45,50.35,50.85,2130091
2016-07-14,50.85,51.8,50.3,51.3,1500157
2016-07-15,51.4,52.15,50.4,51.7,3481813
2016-07-18,52,52.05,48.85,49.4,2176885
2016-07-19,49.55,49.85,48.65,48.95,1904607
2016-07-20,49.3,50.9,48.8,50.3,4387246
2016-07-21,50.35,51.55,49.85,50.15,2706217
2016-07-22,50.2,51.9,49.85,51.35,2470564
2016-07-25,51.6,51.85,51.05,51.5,1279343
2016-07-26,51.7,52.65,50.4,50.85,3238228
2016-07-27,51.4,52.3,51,51.55,1846903
2016-07-28,51.8,52.15,51.25,51.45,1732220
2016-07-29,51.8,53.35,51.3,52.55,4859843
2016-08-01,53,53.35,51.4,51.9,2371187
2016-08-02,51.8,52.05,50.2,50.7,2430844
2016-08-03,50.7,51.25,49.05,49.35,2062874
2016-08-04,49.7,49.85,48.5,49.25,2124393
2016-08-05,49.45,50.9,49,50.7,1911880
2016-08-08,50.75,51.9,50.45,51.35,1702393
2016-08-09,51.3,51.3,49.95,50.1,1496720
2016-08-10,50.25,50.25,48.55,48.65,2240532
2016-08-11,48.65,49,48,48.7,1864976
2016-08-12,48.55,49.35,48.05,48.9,1688598
2016-08-16,49,49,47.25,47.95,2662820
2016-08-17,47.95,49.9,47.7,49.55,2608765
2016-08-18,49.7,50.65,49.2,50.15,2140276
2016-08-19,49.85,51.15,49.65,50.1,1890891
2016-08-22,50.1,50.75,49.05,50.4,1934569
2016-08-23,50.4,51.7,50.25,51.4,3296021
2016-08-24,51.4,52.15,51.2,52,2192470
2016-08-25,52.15,52.8,51.25,51.5,2530603
2016-08-26,51.4,54.65,51.1,53.9,5606568
2016-08-29,54.4,55,52.7,53.95,3967474
2016-08-30,53.95,54.7,53.55,53.8,1914567
2016-08-31,53.85,55.4,53.45,53.9,2559019
2016-09-01,55.1,55.1,48.45,49.15,9205031
2016-09-02,49,49.85,47.45,49.2,5199518
2016-09-06,49.5,49.9,48.35,49.55,2527118
2016-09-07,49.55,50.6,49.15,49.9,1824429
2016-09-08,50.35,51,49.55,50.45,2205655
2016-09-09,51.2,52.2,50.55,50.75,3015414
2016-09-12,50,50.65,48.3,49.7,2340295
2016-09-14,50.5,51.5,50.05,51.05,2652083
2016-09-15,52.25,53,49.35,49.8,6779630
2016-09-16,50,50.35,47.5,48.2,3780594
2016-09-19,48.7,49.2,48.4,48.85,1406066
2016-09-20,48.85,49,48.3,48.4,1061950
2016-09-21,48.4,48.6,47.7,47.8,1189411
2016-09-22,48.25,48.8,48.2,48.65,1079703
2016-09-23,48.55,48.8,47.8,47.9,1234243
2016-09-26,48,48.3,46.7,47.45,1835075
2016-09-27,47.55,48.8,47.1,48,3192858
2016-09-28,48.55,48.7,47.7,47.8,1781142
2016-09-29,48.05,48.25,42.1,42.55,5684682
2016-09-30,42.55,46.7,42.25,46.3,9949557
2016-10-03,47,47.2,45.8,46.9,2110754
2016-10-04,47,47.15,46.4,46.8,1439667
2016-10-05,47,47.8,46.35,46.6,1662313
2016-10-06,46.7,47.2,45.95,46.35,2107228
2016-10-07,46.55,48.1,45.8,47.4,2347806
2016-10-10,47.4,48.45,47.2,47.35,1784193
2016-10-13,47,47.85,46.4,46.7,1376585
2016-10-14,46.7,48.4,46.2,47.9,3011629
2016-10-17,48.3,48.3,46.25,46.5,2605037
2016-10-18,46.7,46.9,46.4,46.65,846708
2016-10-19,46.7,47.65,46.7,47,1182678
2016-10-20,47.15,47.55,46.9,47.3,977613
2016-10-21,47.3,47.95,46.75,47.75,1010411
2016-10-24,47.7,48.2,47.3,47.45,889114
2016-10-25,47.5,47.75,46.7,47,729134
2016-10-26,47,47.55,46.45,46.7,1004687
2016-10-27,46.7,46.95,45.95,46.15,815086
2016-10-28,46.15,47.05,46.15,46.6,1112163
2016-10-30,46.8,47.05,46.5,46.7,226923
2016-11-01,46.7,46.9,46.25,46.4,599511
2016-11-02,46.25,47.3,46.1,46.25,2002671
2016-11-03,46.15,46.7,46.05,46.2,1510355
2016-11-04,46.5,46.6,43.9,44.1,1987235
2016-11-07,45,45.1,44.45,44.85,861042
2016-11-08,45.1,45.65,44.4,45.2,1637037
2016-11-09,42,42.6,39.55,42.25,3494730
2016-11-10,44.25,44.25,43,43.6,1347727
2016-11-11,43.3,43.3,41.6,41.85,1259721
2016-11-15,41.25,41.7,39.2,39.35,2035453
2016-11-16,39.8,40.3,38,38.5,2433169
2016-11-17,38.8,39,38.1,38.4,948511
2016-11-18,38.4,38.75,37.8,38.4,1110390
2016-11-21,38.65,38.65,36.35,36.65,1870988
2016-11-22,36.8,36.9,34.75,35.2,2284327
2016-11-23,35.55,36.2,35.1,35.7,1655518
2016-11-24,35.55,35.55,34.35,34.65,1511637
2016-11-25,34.8,35.4,34.4,35.05,1519376
2016-11-28,35,36.3,34.9,35.9,1403529
2016-11-29,36,37,35.95,36.55,1208685
2016-11-30,36.6,38,36.5,37.65,1413307
2016-12-01,37.7,37.7,35.6,35.75,2023800
2016-12-02,35.4,36.35,35.2,35.85,1254406
2016-12-05,36,36.4,35.55,36.15,953871
2016-12-06,36.15,36.7,36.1,36.2,627679
2016-12-07,36.45,36.7,35.75,36.45,1181083
2016-12-08,36.5,37.1,36.3,36.55,1250181
2016-12-09,36.8,37.15,36.6,36.9,727093
2016-12-12,37,37,35.75,36,677744
2016-12-13,36.1,36.25,35.75,36.05,527896
2016-12-14,36.55,36.55,35.7,35.85,661860
2016-12-15,35.65,36.1,35.6,35.8,467296
2016-12-16,35.85,35.95,35.25,35.65,730600
2016-12-19,35.35,36.6,35.35,36.05,699968
2016-12-20,36.1,36.1,34.85,35.05,695114
2016-12-21,35.6,38.5,35.5,37.45,5827281
2016-12-22,37.3,37.9,35.6,35.85,2860141
2016-12-23,35.3,35.75,34.6,34.75,2418506
2016-12-26,34.7,34.8,32.85,33.05,2500562
2016-12-27,33.1,33.4,32.6,33.3,1411829
2016-12-28,33.3,33.85,33.1,33.3,1413587
2016-12-29,33.3,33.65,32.7,33.45,1055587
2016-12-30,33.85,34.25,33.6,34.05,1160725
2017-01-02,34.1,35.05,33.85,34.75,956474
2017-01-03,34.8,34.9,34.05,34.25,819859
2017-01-04,34.25,34.6,33.85,34.3,1014167
2017-01-05,34.5,34.8,34.4,34.6,1455397
2017-01-06,34.25,34.35,33.65,33.8,1646361
2017-01-09,34,34,33.05,33.15,1451689
2017-01-10,33.4,33.55,32.8,33.1,1232389
2017-01-11,33.2,33.4,32.8,33.05,1265243
2017-01-12,33.1,33.25,32.35,32.5,1820740
2017-01-13,32.6,32.7,31.05,31.4,2296646
2017-01-16,31.4,32.3,31.05,31.6,1998607
2017-01-17,31.85,32.1,31.2,31.8,1271103
2017-01-18,31.95,32.65,31.85,32,1444934
2017-01-19,32,32.7,31.95,32.3,1174709
2017-01-20,32.3,32.45,30.85,31.2,1880214
2017-01-23,31.1,31.35,30.75,30.95,1134540
2017-01-24,31,31.6,30.85,31.2,1193189
2017-01-25,31.3,31.45,30.65,30.85,1322782
2017-01-27,31,31.45,30.75,30.9,1565115
2017-01-30,31,35.3,30.95,34.45,8972305
2017-01-31,35.1,35.9,33.85,34.2,5781398
2017-02-01,34.35,34.45,33.3,34.25,2902769
2017-02-02,34.4,34.9,33.65,33.75,1909050
2017-02-03,34.35,40,34.35,36.65,14205691
2017-02-06,36.5,37.4,35.65,35.9,3905602
2017-02-07,36,36.65,35.4,35.55,2482432
2017-02-08,35.65,36.8,35.45,35.7,2923007
2017-02-09,35.85,36.2,35.15,35.4,2654823
2017-02-10,35.7,35.9,34.35,34.6,3109121
2017-02-13,34.5,34.5,33.05,33.6,2216087
2017-02-14,33.7,34.7,33.3,34.45,2400831
2017-02-15,34.25,34.65,32.35,32.7,2936127
2017-02-16,32.5,33.4,32.35,33.25,2155885
2017-02-17,33.4,33.7,32.85,33.15,2062589
2017-02-20,33.6,35.45,33.6,34.6,3697091
2017-02-21,34.8,36.5,34.5,35.3,5533597
2017-02-22,35.6,36.4,35.25,35.75,3423705
2017-02-23,36.4,38.05,36.15,36.9,7004344
2017-02-27,37.3,37.5,36.5,36.7,2654104
2017-02-28,36.9,39.85,36.8,38.9,6869567
2017-03-01,39.05,40.05,38.4,38.75,4397949
2017-03-02,38.8,39.25,37.15,37.3,2842297
2017-03-03,37.3,37.85,36.85,37.45,2077663
2017-03-06,37.5,38,37.2,37.5,1485348
2017-03-07,37.5,37.6,35.7,36.15,2574377
2017-03-08,36.3,36.4,34.2,34.55,3126619
2017-03-09,34.55,35.95,33.8,35.45,6718604
2017-03-10,35.55,36.3,35.35,36,3264578
2017-03-14,37.2,37.2,36.1,36.25,2342459
2017-03-15,36.45,38.15,36.25,36.8,3901303
2017-03-16,37.3,38.4,36.95,38.2,3868948
2017-03-17,38.4,38.5,37.3,38.25,2506463
2017-03-20,38.65,39.7,37.2,38.15,3890180
2017-03-21,38.3,38.4,37.5,38.15,1779073
2017-03-22,37.9,37.9,37.3,37.4,1661501
2017-03-23,37.4,38.4,36.9,37.8,2051647
2017-03-24,38,39,37.95,38.65,2215276
2017-03-27,38.45,38.45,37.45,38.05,2020604
2017-03-28,38.2,38.6,38,38.4,1464046
2017-03-29,38.3,38.8,37.9,38.05,2428403
2017-03-30,38.2,38.5,38,38.3,863871
2017-03-31,38.25,38.6,38,38.3,1305685
2017-04-03,38.35,39.1,38.2,38.9,1344568
2017-04-05,39,40.95,38.9,40.75,3459435
2017-04-06,40.9,41,39.8,40.15,1648781
2017-04-07,40.15,40.8,39,39.2,2844604
2017-04-10,39.05,39.2,37.3,37.5,2265981
2017-04-11,37.5,38.15,37.35,37.6,927368
2017-04-12,37.7,37.9,36.4,36.75,1634926
2017-04-13,36.55,36.8,35.55,35.7,1447424
2017-04-17,35.8,36,33.9,34.1,2692395
2017-04-18,34.2,35.3,33.95,34.1,2089516
2017-04-19,34.4,34.4,33.5,33.65,1572638
2017-04-20,33.65,34.15,33.55,33.75,1284707
2017-04-21,34,34.45,33.7,33.9,1187582
2017-04-24,34.1,34.8,33.8,34.3,1863227
2017-04-25,35,35.3,34.3,34.4,1776887
2017-04-26,34.5,34.85,33.8,34.25,1497791
2017-04-27,34.35,35,33.85,34.7,2023772
2017-04-28,34.65,35.2,34.35,34.5,1762821
2017-05-02,34.6,34.6,33.6,33.65,1795629
2017-05-03,33.65,34.05,32.8,33,1652308
2017-05-04,33,33.15,31.95,32.1,1785042
2017-05-05,32.1,32.25,31,31.2,2278238
2017-05-08,31.4,33.05,31.2,32.45,3032113
2017-05-09,32.55,32.65,31.7,32.45,1787867
2017-05-10,32.5,33.85,32.35,33.05,3510038
2017-05-11,33.3,33.3,32.7,32.95,1876092
2017-05-12,33,33.1,32.25,32.4,1551901
2017-05-15,32.5,32.6,31.7,32,1465943
2017-05-16,32.05,32.35,31.85,32.1,1231260
2017-05-17,32.1,32.25,31.7,31.95,969089
2017-05-18,31.7,31.9,31,31.1,1663450
2017-05-19,31.2,31.45,30.3,30.6,2491172
2017-05-22,30.65,30.8,29.7,29.8,2031144
2017-05-23,29.6,29.7,27.25,28,4707326
2017-05-24,28,28.2,25.3,25.85,8208434
2017-05-25,26,26.55,25.15,25.95,3981174
2017-05-26,26.05,26.25,25.4,25.8,2719630
2017-05-29,25.65,25.65,19.7,20.5,18626358
2017-05-30,20.2,22.4,18.95,20.05,20693110
2017-05-31,19.95,20.65,18.15,20,23112227
2017-06-01,20.5,21.15,19.8,20.75,17898172
2017-06-02,20.5,21.6,20.1,20.65,14019739
2017-06-05,21.5,21.75,20.65,20.8,8284148
2017-06-06,20.9,20.9,19.75,20.1,5265788
2017-06-07,19.75,19.75,19.15,19.35,5448322
2017-06-08,19.3,19.3,18.65,18.75,3659386
2017-06-09,18.65,18.7,18.2,18.4,4191219
2017-06-12,18.5,19.15,18.1,18.4,5450366
2017-06-13,18.5,18.9,17.95,18.05,5345729
2017-06-14,18.3,18.5,17.8,18.3,3610559
2017-06-15,18.3,19.2,18.1,19.05,5476054
2017-06-16,19.2,19.35,18.9,19.05,2820698
2017-06-19,19.1,19.3,19,19.05,2136892
2017-06-20,19.05,19.35,18.95,19.05,1490284
2017-06-21,19,19.95,18.95,19.75,4374776
2017-06-22,19.8,20.9,19.8,20.1,7328706
2017-06-23,20.3,21.45,19.9,21.2,9069062
2017-06-27,21.5,22.2,21.3,21.7,6390675
2017-06-28,21.95,21.95,20.7,20.85,4122727
2017-06-29,21,22.3,21,21.95,5787616
2017-06-30,22.1,22.2,21.25,21.5,3169611
2017-07-03,21.5,22.1,21.35,21.85,2262471
2017-07-04,22,22,20.75,20.9,3186681
2017-07-05,20.75,22.1,20.4,21.8,3483835
2017-07-06,22,22.9,21.65,22.45,4386277
2017-07-07,22.1,22.9,22,22.75,3111792
2017-07-10,23,24.6,22.95,24.4,17905468
2017-07-11,24.4,24.9,23.8,24.2,6290546
2017-07-12,24.2,24.6,24.1,24.3,2367714
2017-07-13,24.3,24.6,23.7,23.9,2488331
2017-07-14,24,24.45,23.7,24.3,2335816
2017-07-17,24.35,24.7,24.2,24.35,1444783
2017-07-18,24.5,24.65,23.5,23.7,2452835
2017-07-19,24.05,24.85,23.8,24.75,2943502
2017-07-20,24.6,24.7,24.15,24.45,2129382
2017-07-21,24.25,24.75,23.85,24.25,3183435
2017-07-24,24.25,24.95,24.15,24.8,2789540
2017-07-25,24.85,25.95,24.85,25.5,4056757
2017-07-26,25.8,25.8,25.25,25.65,1607127
2017-07-27,25.8,25.95,25.15,25.65,3185751
2017-07-28,25.5,26.7,25,26.45,4131558
2017-07-31,26.15,26.55,25.7,26.25,2465612
2017-08-01,26,26.55,25.65,25.8,1782369
2017-08-02,25.8,26.05,24.75,25.05,2222729
2017-08-03,24.6,24.9,22.9,23.1,5185507
2017-08-04,23.25,23.5,22.15,23.25,4070246
2017-08-07,23.3,24.05,23.25,23.85,1844525
2017-08-08,23.65,24.1,22.6,22.9,2647913
2017-08-09,22.75,23.3,22,22.3,2372538
2017-08-10,22.3,22.6,20.4,21.2,3443049
2017-08-11,20.7,21.25,19.9,20.75,3485623
2017-08-14,20.8,24.65,20.1,24.1,9057331
2017-08-16,24.15,24.15,22.55,23.35,4225293
2017-08-17,23.35,23.8,22.95,23.2,3540011
2017-08-18,23,25.1,22.65,24.2,6065788
2017-08-21,24,24.4,23.15,23.35,2253919
2017-08-22,23.3,24,22.7,22.9,2661113
2017-08-23,23,23.25,22.75,23.05,2040963
2017-08-24,23.05,23.15,22.7,22.9,1417323
2017-08-28,23,23.5,23,23.25,1124320
2017-08-29,23.25,23.5,22.45,22.6,1680505
2017-08-30,22.6,23.05,22.55,22.7,1608912
2017-08-31,23,23.5,22.65,23.3,1620311
2017-09-01,23.3,23.9,23.25,23.4,1346293
2017-09-04,23.2,23.35,22.4,22.8,1221626
2017-09-05,22.85,23.15,22.4,22.6,1257299
2017-09-06,22.4,22.9,22.35,22.55,1359118
2017-09-07,22.6,22.85,22.2,22.45,2356761
2017-09-08,22.5,22.6,22,22.15,1269879
2017-09-11,22.4,22.5,22.05,22.15,1009970
2017-09-12,22.35,23.3,22.05,22.65,1997913
2017-09-13,23.2,23.2,21.15,21.8,3531679
2017-09-14,21.2,21.75,21.15,21.55,1994940
2017-09-15,21.35,21.55,19.8,20.5,2557653
2017-09-18,20.25,20.55,19.85,20.2,2410701
2017-09-19,20.2,20.6,19.6,20.15,2283375
2017-09-20,19.3,20.05,19.3,19.8,2461618
2017-09-21,19.75,21.45,19.6,20.95,5234304
2017-09-22,21,21.3,19.75,19.9,5185845
2017-09-25,20,20.3,19.25,19.95,3364791
2017-09-26,19.85,20.05,19.6,19.7,1733000
2017-09-27,19.95,20,18.8,19.05,2926373
2017-09-28,19.1,20.45,18.95,19.9,2272315
2017-09-29,20.25,20.45,19.05,19.2,2504988
2017-10-03,18.7,18.85,16.75,17.1,8828227
2017-10-04,17.2,17.6,16.75,17.15,6708610
2017-10-05,17,17.2,16.75,17.15,2369715
2017-10-06,17.2,17.45,17,17.2,2449365
2017-10-09,17,17.3,16.75,16.85,2544132
2017-10-10,16.85,17,16.4,16.65,3400762
2017-10-11,16.65,16.95,16,16.25,3073636
2017-10-12,16.15,16.4,15.9,16.2,2408820
2017-10-13,16.1,17.45,16.1,17.05,4522991
2017-10-16,17.05,17.35,16.8,17.05,2823364
2017-10-17,17,17.35,16.75,17.05,2824970
2017-10-18,17,17,16.7,16.8,1783423
2017-10-19,17,17.05,16.25,16.45,668926
2017-10-23,16.4,17.95,16.4,17.7,5515543
2017-10-24,18.05,19.1,16.8,17,4920626
2017-10-25,16.85,17.1,16.15,16.45,5923195
2017-10-26,16,16.35,15.7,15.85,4455238
2017-10-27,15.9,16.25,15.7,15.95,2492648
2017-10-30,15.95,16.15,15.6,15.7,2762612
2017-10-31,16.6,18.2,16.5,17.15,13048565
2017-11-01,17.4,17.4,16.75,17,3320535
2017-11-02,17,17.5,16.8,17.35,3813361
2017-11-03,17.55,17.55,16.75,16.9,3225389
2017-11-06,16,16.15,15.5,15.85,4789751
2017-11-07,16.2,16.5,15.35,15.55,5094983
2017-11-08,15.75,16,15.45,15.6,2832882
2017-11-09,15.8,15.95,14.85,15,4073513
2017-11-10,15,15.05,13.9,14.05,6020321
2017-11-13,13.5,13.5,12.1,12.15,9779750
2017-11-14,12,12.4,11.35,11.55,9838340
2017-11-15,11.45,11.5,9.6,10.15,12444863
2017-11-16,10,12.1,9.65,11.8,20768263
2017-11-17,12.5,12.55,11.7,12.1,10070530
2017-11-20,12,12.3,11.5,12.05,5770756
2017-11-21,12.1,13.75,12.05,13.45,16441031
2017-11-22,13.6,14.2,13.6,14,8895863
2017-11-23,14.2,14.2,13.5,13.6,3986198
2017-11-24,13.65,13.95,13.35,13.5,3172669
2017-11-27,13.5,13.55,13.1,13.35,2194733
2017-11-28,13,13,12.2,12.9,6751140
2017-11-29,12.95,13.35,12.3,12.45,4690489
2017-11-30,12.45,12.8,12.15,12.6,4592590
2017-12-01,12.9,12.95,12.28,12.36,3344996
2017-12-04,12.4,12.46,11.4,11.54,4373216
2017-12-05,11.08,11.48,10.73,11.34,6096512
2017-12-06,11.1,11.35,10.7,10.78,4963720
2017-12-07,10.8,11.23,10.8,11.16,4382217
2017-12-08,11.15,12.05,11.15,11.69,8112156
2017-12-11,11.84,11.89,11.5,11.61,3088884
2017-12-12,11.56,11.8,11.5,11.63,1626239
2017-12-13,11.7,11.7,11.13,11.26,2615388
2017-12-14,11.4,12.1,11.01,11.92,3462781
2017-12-15,12,12.1,11.68,11.86,2492102
2017-12-18,12,12.08,11.05,11.83,2786929
2017-12-19,12,13.05,11.87,12.77,7278559
2017-12-20,13.06,18.51,12.93,17.27,37097976
2017-12-21,18.65,19.6,17.06,17.97,50445605
2017-12-22,18.4,18.8,15.7,16.31,24191119
2017-12-26,16.5,23,16.5,21.33,69580178
2017-12-27,23.46,29.95,23.46,28.74,92772822
2017-12-28,30.7,33.95,29.25,30.96,85799579
2017-12-29,34.05,41.77,34.05,36.22,77076952
2018-01-01,37.45,37.8,33.6,35.4,30243704
2018-01-02,35.4,35.4,31.15,32.35,21103536
2018-01-03,31.85,32.15,30,30.55,17896000
2018-01-04,30.8,34.25,28.1,33.35,38675580
2018-01-05,34.7,36.15,33.5,34.05,31275151
2018-01-08,34.5,34.8,33.1,33.9,10580269
2018-01-09,33.9,33.95,32.4,32.75,8181897
2018-01-10,33.3,34.05,32.8,33.15,7351586
2018-01-11,32.95,33.6,32.25,32.75,5267161
2018-01-12,32.55,32.9,30.55,31.35,7551701
2018-01-15,31.2,32.1,30.75,31.5,5562902
2018-01-16,31.55,33,31,31.25,11233686
2018-01-17,31.5,32.9,30.3,32.4,9517104
2018-01-18,32.85,33.15,28.55,29.45,12708692
2018-01-19,28.7,29.9,27.75,29.45,9751300
2018-01-22,29,29.35,28.4,28.7,4505801
2018-01-23,28.4,31.25,28.4,29.2,11091302
2018-01-24,28.8,29.55,28.6,28.8,5312839
2018-01-25,28.8,29.25,28,28.35,5949631
2018-01-29,28.7,28.85,26.55,27.25,9888624
2018-01-30,27.9,32.4,27.5,30.1,27684514
2018-01-31,30.05,31.05,28.9,29.5,9952847
2018-02-01,29.6,29.9,28.4,28.65,6505407
2018-02-02,28.35,28.35,24.6,26.1,10593574
2018-02-05,24.7,26.75,23.25,26.1,9128376
2018-02-06,24.45,25.45,23.75,24.6,7601031
2018-02-07,25.4,26,24.85,25.15,5803423
2018-02-08,25.25,27.2,25.25,26.55,8043807
2018-02-09,25.25,27.95,25.2,27,9842200
2018-02-12,27.1,28,26.85,27.1,6310253
2018-02-14,27.85,30.15,27.6,29.55,15950601
2018-02-15,29.6,30.55,27.6,27.95,8574294
2018-02-16,28.45,29,27.65,28.4,8718630
2018-02-19,28.9,29.35,27.75,28.4,5736784
2018-02-20,28.5,28.85,27.55,27.85,4930646
2018-02-21,28,28.35,27.6,28,3862089
2018-02-22,28,28.35,27.2,27.4,4007525
2018-02-23,27.4,27.95,27.4,27.55,3184109
2018-02-26,28,30.6,27.6,29.75,13274956
2018-02-27,29.95,30.05,27.75,28.05,6983132
2018-02-28,27.85,28.85,26.5,28.3,6163428
2018-03-01,28.3,29.35,27.7,27.85,7847978
2018-03-05,28,28.5,27.2,27.75,7275413
2018-03-06,27.6,28.7,25,26.35,8889055
2018-03-07,26.3,26.75,24.5,25.2,11570054
2018-03-08,25.8,26.6,24.45,25.15,11602309
2018-03-09,25,25,22.35,22.7,10614926
2018-03-12,23,23.5,21.85,23.05,8069250
2018-03-13,22.4,23.6,22.25,23.4,9338687
2018-03-14,23.1,24.4,22.7,23.85,8612547
2018-03-15,23.7,24.3,23.4,23.6,5355490
2018-03-16,23.75,24.35,22.85,23.45,6917436
2018-03-19,23.45,24,22.8,23.05,5898311
2018-03-20,23,23.5,22.5,23.15,4523025
2018-03-21,23,25.95,23,25.2,14475589
2018-03-22,25.5,26.25,23.55,23.85,12318263
2018-03-23,22.95,23.45,22,22.75,10009267
2018-03-26,22.8,23.8,22.65,23.35,6656111
2018-03-27,23.7,24.15,23.25,23.75,5546677
2018-03-28,23.25,23.35,21.4,21.75,8253672
2018-04-02,22,22.8,21.9,22.55,4466730
2018-04-03,22.1,22.9,22.1,22.65,5691144
2018-04-04,22.7,23.4,21.7,22.35,9424107
2018-04-05,22.5,24.15,21.7,23.35,18279732
2018-04-06,23.8,25.2,23.55,24.35,14998447
2018-04-09,24.55,24.9,23.7,23.8,6237460
2018-04-10,23.85,24.1,22.8,23.25,5582319
2018-04-11,23.25,23.3,22.75,22.85,3820961
2018-04-12,22.95,23.1,22.1,22.25,5092889
2018-04-13,22.4,22.75,22.1,22.3,4372799
2018-04-16,22.25,22.5,20.85,21.1,7823020
2018-04-17,21.2,21.85,20.95,21.1,7083778
2018-04-18,21.4,21.45,20.85,21.05,4360279
2018-04-19,20.5,21.15,20.35,20.8,6085220
2018-04-20,20.6,20.9,20.25,20.4,3628706
2018-04-23,20.4,20.75,19.85,20.05,4844344
2018-04-24,19.9,20.05,16.25,17.95,11176560
2018-04-25,17.9,18.65,17.25,17.7,9865196
2018-04-26,17.5,17.5,16.35,16.8,7918049
2018-04-27,16.8,17,15.6,15.9,6161337
2018-04-30,15.75,15.85,14.65,15.25,9237179
2018-05-02,15.25,17.75,14.95,16.05,17059256
2018-05-03,15.95,16.1,14.9,15.05,8184229
2018-05-04,15.25,15.9,14.8,15.35,9051829
2018-05-07,15.2,15.8,15.15,15.55,4266217
2018-05-08,15.4,15.6,15,15.15,5519030
2018-05-09,15.05,15.35,14.85,15.05,4969272
2018-05-10,15.05,15.2,13.65,13.95,8748097
2018-05-11,13.95,14.85,13.3,13.7,8654503
2018-05-14,13.5,13.7,13.15,13.5,5104023
2018-05-15,13.4,13.6,11.5,12.45,10068992
2018-05-16,11.25,11.95,9.95,10.55,23167616
2018-05-17,10.45,17.9,10.05,16.55,54388173
2018-05-18,18.2,20.65,14.1,15.35,80415046
2018-05-21,15.15,16.35,12.8,13.4,34997497
2018-05-22,13.9,15.95,12.9,14.4,32743987
2018-05-23,14.55,14.95,14,14.25,11046357
2018-05-24,14.8,14.85,13.9,14.15,8111424
2018-05-25,14.05,14.75,13.75,14.25,9539550
2018-05-28,14.35,15.85,14.1,15.3,13166247
2018-05-29,15.8,16.8,15.4,15.95,20366909
2018-05-30,16.65,18.3,16.3,17.5,34595808
2018-05-31,19.25,20.85,17.6,18.7,38339573
2018-06-01,18.45,18.9,16.2,16.45,20650815
2018-06-04,16.75,16.75,15.4,15.75,8949887
2018-06-05,15.5,15.5,14.15,14.5,12465986
2018-06-06,14.3,16.65,14,16,20986881
2018-06-07,16.3,16.5,15.4,15.75,12737681
2018-06-08,15.85,16.2,15.45,15.8,7319785
2018-06-11,15.85,16.15,15.5,15.65,6056056
2018-06-12,15.75,16.95,15.15,16.1,12847041
2018-06-13,16.1,16.9,15.8,16.05,9442787
2018-06-14,15.95,16.2,15.7,15.9,4754037
2018-06-15,15.9,16.15,15.4,15.45,6002849
2018-06-18,15.45,15.6,15.05,15.15,6190553
2018-06-19,15.15,15.65,14.5,14.6,12071692
2018-06-20,14.65,16,14.65,15.3,10680940
2018-06-21,15.35,15.5,14.85,14.9,5486092
2018-06-22,14.9,15,14.65,14.7,5292891
2018-06-25,14.95,15.15,14.45,14.65,5958263
2018-06-26,14.6,14.7,14.3,14.4,4375870
2018-06-27,14.5,14.6,13.05,13.35,10629409
2018-06-28,13.1,13.9,13,13.35,8593205
2018-06-29,13.7,14.4,13.45,13.8,8232827
2018-07-02,13.95,13.95,13.15,13.24,6647959
2018-07-03,13.26,13.5,13.15,13.35,3782141
2018-07-04,13.6,14.08,13.55,13.64,6688652
2018-07-05,13.85,14.05,13.45,13.55,6089525
2018-07-06,13.3,13.73,13.3,13.57,3964872
2018-07-09,13.69,13.94,13.57,13.68,5042655
2018-07-10,13.89,14.21,13.75,13.97,5086251
2018-07-11,13.9,14.02,13.52,13.64,5918435
2018-07-12,13.77,13.95,13.4,13.5,5114745
2018-07-13,13.55,13.69,12.84,13,7395220
2018-07-16,13.05,13.09,11.84,12.03,8333390
2018-07-17,12.3,13.43,12.05,13.08,9636696
2018-07-18,13.2,13.33,12.56,13.08,10858407
2018-07-19,13.4,13.5,12.52,12.77,8874620
2018-07-20,12.9,13.1,12.65,12.97,5503890
2018-07-23,12.81,13.31,12.54,13.23,7796375
2018-07-24,13.25,13.95,13.05,13.65,8808863
2018-07-25,13.95,15.14,13.75,13.88,11907840
2018-07-26,13.99,14.23,13.56,13.81,6572494
2018-07-27,13.8,14.31,13.8,14,5636653
2018-07-30,14.15,14.15,13.67,13.84,4115627
2018-07-31,14,14.75,13.76,14.37,8834392
2018-08-01,14.65,15.44,14.29,14.77,13666736
2018-08-02,14.75,15.09,14.52,14.84,9824510
2018-08-03,14.84,17.06,14.81,15.69,26869765
2018-08-06,16.25,16.84,15.86,16.42,15177077
2018-08-07,16.85,17.15,16.05,16.59,14063702
2018-08-08,16.7,19.07,16.6,18.36,21047612
2018-08-09,19.1,20.5,18.74,20.07,26445439
2018-08-10,20.15,20.74,19.03,19.49,18223451
2018-08-13,19.05,21.18,18.42,20.53,23425172
2018-08-14,21.15,21.65,20.45,20.69,17300993
2018-08-16,20.5,21.3,17.85,18.54,19782024
2018-08-17,18.6,19.9,18.05,19.18,16327980
2018-08-20,19.54,19.91,18.84,19.03,9764673
2018-08-21,19.15,19.49,18.45,18.77,10509731
2018-08-23,18.9,19.5,18.7,18.85,8496533
2018-08-24,19.3,19.88,18.15,19.09,14707687
2018-08-27,19.48,19.48,18.61,18.7,7802228
2018-08-28,18.9,18.95,18.21,18.33,6230964
2018-08-29,18.25,19,17.2,18.55,17022478
2018-08-30,18.45,18.92,18.06,18.56,8870251
2018-08-31,18.44,18.72,17.92,18.26,6729186
2018-09-03,18.25,18.9,17.95,18.2,7480077
2018-09-04,18.25,18.35,17.25,17.4,6513279
2018-09-05,17.5,17.9,16.35,17.45,11544386
2018-09-06,17.45,17.8,17.15,17.25,5048448
2018-09-07,17.25,17.75,17.05,17.25,4896930
2018-09-10,17,17.6,16.85,17,5223463
2018-09-11,16.95,17.15,16.05,16.15,5652006
2018-09-12,16.15,16.3,15.35,16.1,9232611
2018-09-14,16.15,16.7,16.15,16.35,3571686
2018-09-17,16.45,17.6,16,17.2,8220762
2018-09-18,17.4,17.75,15.5,16.15,14935453
2018-09-19,16.2,16.2,14.65,14.9,9063621
2018-09-21,14.9,15.25,12.7,13.2,13590992
2018-09-24,12.85,12.85,11.65,12.3,9348362
2018-09-25,11.9,12.1,11.2,11.55,7738663
2018-09-26,11.8,13.25,11.5,12.9,12583882
2018-09-27,13.05,13.5,12.2,12.45,8652858
2018-09-28,12.5,12.7,11.7,11.9,5295140
2018-10-01,11.85,12.04,11.1,11.93,6405912
2018-10-03,11.4,12.44,11.25,11.8,7995563
2018-10-04,11.95,12.54,11.6,11.89,9838053
2018-10-05,11.95,12.14,11.3,11.42,10286916
2018-10-08,11.7,11.7,10.7,11.07,10557988
2018-10-09,11,11.29,10.65,11.05,9010472
2018-10-10,11.15,11.67,11.05,11.48,7108229
2018-10-11,10.95,11.47,10.75,11.12,9602586
2018-10-12,11.45,12.16,11.3,11.67,12203470
2018-10-15,11.75,11.97,11.5,11.67,8661814
2018-10-16,11.7,11.99,11.68,11.79,6955270
2018-10-17,12,12.05,11.27,11.36,8049062
2018-10-19,11.55,11.55,11.01,11.16,6827885
2018-10-22,10.8,11.35,10.75,10.9,7381073
2018-10-23,10.95,11.29,10.63,10.87,9216823
2018-10-24,11,11.15,10.76,10.97,5937092
2018-10-25,10.9,10.9,10.26,10.33,7979072
2018-10-26,10.5,10.5,9.81,10.02,9265523
2018-10-29,10.09,11.15,9.55,10.94,20101283
2018-10-30,10.9,11.95,10.77,11.66,13712570
2018-10-31,11.7,12.48,11.7,12.33,13482464
2018-11-01,12.65,14.15,12.55,14.05,19974019
